date,baseline,target_rr_150,target_rr_250,sl_buffer_atr_010,sl_buffer_atr_020,displ_body_atr_035,displ_body_atr_060,fvg_min_atr_004,fvg_min_atr_008,trail_d003_a045,trail_d003_a150,trail_d020_a045,trail_d020_a090,trail_d020_a150,trail_d060_a045,trail_d060_a090,trail_d060_a150,trail_d120_a045,trail_d120_a090,trail_d120_a150
2024-01-01,0.0,0.0,0.0,0.0,0.0,0.0,0.0,0.0,0.0,0.0,0.0,0.0,0.0,0.0,0.0,0.0,0.0,0.0,0.0,0.0
2024-01-02,0.0,0.0,0.0,0.0,0.0,0.0,0.0,0.0,0.0,0.0,0.0,0.0,0.0,0.0,0.0,0.0,0.0,0.0,0.0,0.0
2024-01-03,0.0,0.0,0.0,0.0,0.0,0.0,0.0,0.0,0.0,0.0,0.0,0.0,0.0,0.0,0.0,0.0,0.0,0.0,0.0,0.0
2024-01-04,0.0,0.0,0.0,0.0,0.0,0.0,0.0,0.0,0.0,0.0,0.0,0.0,0.0,0.0,0.0,0.0,0.0,0.0,0.0,0.0
2024-01-05,5.36,5.36,5.36,5.36,5.36,5.36,5.36,5.36,5.36,5.36,7.75,7.12,7.12,7.12,5.66,5.66,5.66,4.7,4.7,4.7
2024-01-06,0.0,0.0,0.0,0.0,0.0,0.0,0.0,0.0,0.0,0.0,0.0,0.0,0.0,0.0,0.0,0.0,0.0,0.0,0.0,0.0
2024-01-07,0.0,0.0,0.0,0.0,0.0,0.0,0.0,0.0,0.0,0.0,0.0,0.0,0.0,0.0,0.0,0.0,0.0,0.0,0.0,0.0
2024-01-08,0.0,0.0,0.0,0.0,0.0,0.0,0.0,0.0,0.0,0.0,0.0,0.0,0.0,0.0,0.0,0.0,0.0,0.0,0.0,0.0
2024-01-09,-4.22,-4.22,-4.22,-4.08,-4.41,-4.22,-4.22,-4.22,-4.22,-4.22,-4.22,-4.22,-4.22,-4.22,-4.22,-4.22,-4.22,-4.22,-4.22,-4.22
2024-01-10,0.0,0.0,0.0,0.0,0.0,0.0,0.0,0.0,0.0,0.0,0.0,0.0,0.0,0.0,0.0,0.0,0.0,0.0,0.0,0.0
2024-01-11,6.32,6.32,6.32,6.32,6.32,6.32,6.32,6.32,6.32,6.32,6.32,5.69,5.69,5.69,6.79,6.79,6.79,4.59,4.59,4.59
2024-01-12,0.0,0.0,0.0,0.0,0.0,0.0,5.18,0.0,0.0,0.0,0.0,0.0,0.0,0.0,0.0,0.0,0.0,0.0,0.0,0.0
2024-01-13,0.0,0.0,0.0,0.0,0.0,0.0,0.0,0.0,0.0,0.0,0.0,0.0,0.0,0.0,0.0,0.0,0.0,0.0,0.0,0.0
2024-01-14,0.0,0.0,0.0,0.0,0.0,0.0,0.0,0.0,0.0,0.0,0.0,0.0,0.0,0.0,0.0,0.0,0.0,0.0,0.0,0.0
2024-01-15,0.0,0.0,0.0,0.0,0.0,0.0,0.0,0.0,0.0,0.0,0.0,0.0,0.0,0.0,0.0,0.0,0.0,0.0,0.0,0.0
2024-01-16,-23.689999999999998,-23.689999999999998,-23.689999999999998,-23.4,-24.089999999999996,-23.689999999999998,-23.689999999999998,-23.689999999999998,-23.689999999999998,-24.87,-16.57,-25.49,-24.32,-17.189999999999998,-26.96,-24.9,-18.66,-27.11,-27.11,-16.27
2024-01-17,0.0,0.0,0.0,0.0,0.0,0.0,0.0,0.0,0.0,0.0,0.0,0.0,0.0,0.0,0.0,0.0,0.0,0.0,0.0,0.0
2024-01-18,0.0,0.0,0.0,0.0,0.0,0.0,0.0,0.0,0.0,0.0,0.0,0.0,0.0,0.0,0.0,0.0,0.0,0.0,0.0,0.0
2024-01-19,-8.370000000000001,-9.18,-8.370000000000001,-8.26,-8.670000000000002,-8.370000000000001,-8.370000000000001,-8.370000000000001,-8.370000000000001,-10.5,-8.22,-10.83,-8.99,-8.22,-8.22,-8.22,-8.22,-8.22,-8.22,-8.22
2024-01-20,0.0,0.0,0.0,0.0,0.0,0.0,0.0,0.0,0.0,0.0,0.0,0.0,0.0,0.0,0.0,0.0,0.0,0.0,0.0,0.0
2024-01-21,0.0,0.0,0.0,0.0,0.0,0.0,0.0,0.0,0.0,0.0,0.0,0.0,0.0,0.0,0.0,0.0,0.0,0.0,0.0,0.0
2024-01-22,-6.729999999999999,-6.729999999999999,-6.729999999999999,-6.5,-7.02,-6.729999999999999,-10.29,-6.729999999999999,-6.729999999999999,-8.12,-24.1,-8.75,-7.35,-24.1,-8.819999999999999,-8.819999999999999,-24.1,-11.02,-11.02,-24.1
2024-01-23,0.0,0.0,0.0,0.0,0.0,0.0,0.0,0.0,0.0,2.13,0.0,0.0,0.0,0.0,0.0,0.0,0.0,0.0,0.0,0.0
2024-01-24,-10.76,-10.76,-10.76,-10.76,-10.76,-10.76,-10.76,-10.76,-10.76,0.0,-10.76,2.31,-10.76,-10.76,0.84,-10.76,-10.76,-1.36,-10.76,-10.76
2024-01-25,0.52,0.52,0.52,0.8500000000000001,0.0,0.52,-3.23,0.52,0.52,4.4,2.2100000000000004,3.16,-0.10999999999999988,1.5799999999999996,3.38,0.040000000000000036,0.10999999999999988,-0.40000000000000013,-2.09,-2.09
2024-01-26,0.0,0.0,0.0,0.0,0.0,0.0,0.0,0.0,0.0,0.0,0.0,0.0,0.0,0.0,0.0,0.0,0.0,0.0,0.0,0.0
2024-01-27,0.0,0.0,0.0,0.0,0.0,0.0,0.0,0.0,0.0,0.0,0.0,0.0,0.0,0.0,0.0,0.0,0.0,0.0,0.0,0.0
2024-01-28,0.0,0.0,0.0,0.0,0.0,0.0,0.0,0.0,0.0,0.0,0.0,0.0,0.0,0.0,0.0,0.0,0.0,0.0,0.0,0.0
2024-01-29,4.11,4.11,4.11,4.11,4.11,4.11,-10.329999999999998,4.11,4.11,1.87,6.43,1.25,3.49,5.8,0.55,4.33,4.33,7.42,7.42,7.42
2024-01-30,4.22,4.22,4.22,4.22,4.22,4.22,4.22,4.22,4.22,2.57,6.13,3.6,3.6,6.87,5.4,5.4,5.4,7.24,7.24,7.24
2024-01-31,0.0,0.0,0.0,0.0,0.0,0.0,0.0,0.0,0.0,0.0,0.0,0.0,0.0,0.0,0.0,0.0,0.0,0.0,0.0,0.0
2024-02-01,3.71,3.71,3.71,3.71,3.71,3.71,3.71,3.71,3.71,2.35,6.57,3.09,3.09,5.95,1.62,1.62,4.48,-0.59,-0.59,3.71
2024-02-02,0.0,0.0,0.0,0.0,0.0,0.0,0.0,0.0,0.0,0.0,0.0,0.0,0.0,0.0,0.0,0.0,0.0,0.0,0.0,0.0
2024-02-03,0.0,0.0,0.0,0.0,0.0,0.0,0.0,0.0,0.0,0.0,0.0,0.0,0.0,0.0,0.0,0.0,0.0,0.0,0.0,0.0
2024-02-04,0.0,0.0,0.0,0.0,0.0,0.0,0.0,0.0,0.0,0.0,0.0,0.0,0.0,0.0,0.0,0.0,0.0,0.0,0.0,0.0
2024-02-05,-30.75,-30.75,-30.75,-30.49,-31.11,-30.75,-30.75,-30.75,-30.75,5.99,-29.86,4.48,-31.37,-30.490000000000002,0.07,-32.84,-31.96,12.380000000000003,-18.66,-18.66
2024-02-06,0.0,0.0,0.0,0.0,0.0,0.0,4.0,0.0,0.0,0.0,0.0,0.0,0.0,0.0,0.0,0.0,0.0,0.0,0.0,0.0
2024-02-07,8.88,8.88,8.88,8.88,8.88,8.88,8.88,8.88,8.88,8.88,13.19,7.640000000000001,7.640000000000001,11.94,5.1,5.1,9.0,0.7,0.7,5.69
2024-02-08,3.38,3.38,3.38,3.38,3.38,3.38,3.38,3.38,3.38,2.64,5.47,2.02,2.75,5.4,0.55,2.57,3.93,-1.1,13.7,13.7
2024-02-09,0.0,0.0,0.0,0.0,0.0,0.0,0.0,0.0,0.0,0.0,0.0,0.0,0.0,0.0,0.0,0.0,0.0,0.0,0.0,0.0
2024-02-10,0.0,0.0,0.0,0.0,0.0,0.0,0.0,0.0,0.0,0.0,0.0,0.0,0.0,0.0,0.0,0.0,0.0,0.0,0.0,0.0
2024-02-11,0.0,0.0,0.0,0.0,0.0,0.0,0.0,0.0,0.0,0.0,0.0,0.0,0.0,0.0,0.0,0.0,0.0,0.0,0.0,0.0
2024-02-12,4.7,4.7,4.7,4.7,4.7,4.7,4.7,4.7,4.7,1.62,7.16,0.99,4.08,6.54,2.61,2.61,7.27,5.07,5.07,5.07
2024-02-13,-7.02,-7.02,-7.02,-6.94,-7.16,-7.02,-7.02,-7.02,-7.02,1.76,-7.02,1.8,-7.02,-7.02,0.33,-7.02,-7.02,-1.87,-7.02,-7.02
2024-02-14,-4.78,-4.78,-4.78,-4.59,-5.0,-4.78,-4.78,-4.78,-4.78,1.98,-4.78,1.36,-4.78,-4.78,-0.11,-4.78,-4.78,-2.02,-4.78,-4.78
2024-02-15,-7.09,-7.09,-7.09,-7.02,-7.27,-7.09,-7.09,-7.09,-7.09,-7.09,-7.09,-7.09,-7.09,-7.09,-7.09,-7.09,-7.09,-7.09,-7.09,-7.09
2024-02-16,-1.73,-1.73,-1.73,-1.73,-1.73,-1.73,-1.73,-1.73,-1.73,-1.73,-1.73,-1.73,-1.73,-1.73,-1.73,-1.73,-1.73,-1.73,-1.73,-1.73
2024-02-17,0.0,0.0,0.0,0.0,0.0,0.0,0.0,0.0,0.0,0.0,0.0,0.0,0.0,0.0,0.0,0.0,0.0,0.0,0.0,0.0
2024-02-18,0.0,0.0,0.0,0.0,0.0,0.0,0.0,0.0,0.0,0.0,0.0,0.0,0.0,0.0,0.0,0.0,0.0,0.0,0.0,0.0
2024-02-19,0.0,0.0,0.0,0.0,0.0,0.0,0.0,0.0,0.0,0.0,0.0,0.0,0.0,0.0,0.0,0.0,0.0,0.0,0.0,0.0
2024-02-20,0.0,0.0,0.0,0.0,0.0,0.0,0.0,0.0,0.0,0.0,0.0,0.0,0.0,0.0,0.0,0.0,0.0,0.0,0.0,0.0
2024-02-21,0.0,0.0,0.0,0.0,0.0,0.0,0.0,0.0,0.0,0.0,0.0,0.0,0.0,0.0,0.0,0.0,0.0,0.0,0.0,0.0
2024-02-22,0.0,0.0,0.0,0.0,0.0,0.0,0.0,0.0,0.0,0.0,0.0,0.0,0.0,0.0,0.0,0.0,0.0,0.0,0.0,0.0
2024-02-23,3.64,3.64,3.64,3.64,3.64,3.64,3.64,3.64,3.64,1.95,0.0,1.32,3.01,0.0,-0.15,1.54,0.0,0.0,0.0,0.0
2024-02-24,0.0,0.0,0.0,0.0,0.0,0.0,0.0,0.0,0.0,0.0,0.0,0.0,0.0,0.0,0.0,0.0,0.0,0.0,0.0,0.0
2024-02-25,0.0,0.0,0.0,0.0,0.0,0.0,0.0,0.0,0.0,0.0,13.81,0.0,0.0,13.81,0.0,0.0,13.81,13.81,13.81,13.81
2024-02-26,3.53,3.53,3.53,3.53,3.53,3.53,3.53,3.53,3.53,1.76,5.51,1.14,2.9,4.89,0.99,7.75,7.75,13.15,13.15,13.15
2024-02-27,0.0,0.0,0.0,0.0,0.0,0.0,-10.4,0.0,0.0,0.0,0.0,0.0,0.0,0.0,0.0,0.0,0.0,0.0,0.0,0.0
2024-02-28,0.0,0.0,0.0,0.0,0.0,0.0,0.0,0.0,0.0,0.0,0.0,0.0,0.0,0.0,0.0,0.0,0.0,0.0,0.0,0.0
2024-02-29,0.0,0.0,0.0,0.0,0.0,0.0,0.0,0.0,0.0,0.0,0.0,0.0,0.0,0.0,0.0,0.0,0.0,0.0,0.0,0.0
2024-03-01,0.0,0.0,0.0,0.0,0.0,0.0,0.0,0.0,0.0,0.0,0.0,0.0,0.0,0.0,0.0,0.0,0.0,0.0,0.0,0.0
2024-03-02,0.0,0.0,0.0,0.0,0.0,0.0,0.0,0.0,0.0,0.0,0.0,0.0,0.0,0.0,0.0,0.0,0.0,0.0,0.0,0.0
2024-03-03,0.0,0.0,0.0,0.0,0.0,0.0,0.0,0.0,0.0,0.0,0.0,0.0,0.0,0.0,0.0,0.0,0.0,0.0,0.0,0.0
2024-03-04,0.0,0.0,0.0,0.0,0.0,0.0,0.0,0.0,0.0,0.0,0.0,0.0,0.0,0.0,0.0,0.0,0.0,0.0,0.0,0.0
2024-03-05,4.63,4.63,4.63,4.63,4.63,4.63,4.63,4.63,4.63,2.31,6.1,1.69,4.0,5.47,0.22,2.53,12.78,28.76,28.76,28.76
2024-03-06,3.75,3.75,3.75,3.75,3.75,3.75,3.75,3.75,3.75,1.73,6.17,1.29,3.12,6.9,1.65,1.65,7.24,11.57,11.57,11.57
2024-03-07,0.0,0.0,0.0,0.0,0.0,0.0,0.0,0.0,0.0,0.0,0.0,0.0,0.0,0.0,0.0,0.0,0.0,0.0,0.0,0.0
2024-03-08,-34.49,-34.49,-34.49,-33.72,-35.59,-34.49,-34.49,-34.49,-34.49,-34.49,-34.49,-34.49,-34.49,-34.49,-34.49,-34.49,-34.49,-34.49,-34.49,-34.49
2024-03-09,0.0,0.0,0.0,0.0,0.0,0.0,0.0,0.0,0.0,0.0,0.0,0.0,0.0,0.0,0.0,0.0,0.0,0.0,0.0,0.0
2024-03-10,0.0,0.0,0.0,0.0,0.0,0.0,0.0,0.0,0.0,0.0,0.0,0.0,0.0,0.0,0.0,0.0,0.0,0.0,0.0,0.0
2024-03-11,0.0,0.0,0.0,0.0,0.0,0.0,0.0,0.0,0.0,0.0,0.0,0.0,0.0,0.0,0.0,0.0,0.0,0.0,0.0,0.0
2024-03-12,3.86,3.86,3.86,3.86,3.86,3.86,3.86,3.86,3.86,3.86,10.91,3.23,3.23,10.28,1.76,1.76,8.81,6.61,6.61,6.61
2024-03-13,0.0,0.0,0.0,0.0,0.0,0.0,0.0,0.0,0.0,0.0,0.0,0.0,0.0,0.0,0.0,0.0,0.0,0.0,0.0,0.0
2024-03-14,4.22,4.22,4.22,4.22,4.22,4.22,4.22,4.22,4.22,2.94,-10.28,2.31,3.6,-10.28,0.84,2.13,-10.28,-1.36,-0.07,-10.28
2024-03-15,0.0,0.0,0.0,0.0,0.0,0.0,0.0,0.0,0.0,0.0,0.0,0.0,0.0,0.0,0.0,0.0,0.0,0.0,0.0,0.0
2024-03-16,0.0,0.0,0.0,0.0,0.0,0.0,0.0,0.0,0.0,0.0,0.0,0.0,0.0,0.0,0.0,0.0,0.0,0.0,0.0,0.0
2024-03-17,0.0,0.0,0.0,0.0,0.0,0.0,0.0,0.0,0.0,0.0,0.0,0.0,0.0,0.0,0.0,0.0,0.0,0.0,0.0,0.0
2024-03-18,-14.62,-14.62,-14.62,-14.62,-14.62,-14.62,-14.62,-14.62,-14.62,2.17,-14.62,1.54,-14.62,-14.62,0.07,-14.62,-14.62,-2.13,-14.62,-14.62
2024-03-19,0.0,0.0,0.0,0.0,0.0,0.0,0.0,0.0,0.0,0.0,0.0,0.0,0.0,0.0,0.0,0.0,0.0,0.0,0.0,0.0
2024-03-20,0.0,0.0,0.0,0.0,0.0,0.0,0.0,0.0,0.0,0.0,0.0,0.0,0.0,0.0,0.0,0.0,0.0,0.0,0.0,0.0
2024-03-21,0.0,0.0,0.0,0.0,0.0,0.0,0.0,0.0,0.0,0.0,0.0,0.0,0.0,0.0,0.0,0.0,0.0,0.0,0.0,0.0
2024-03-22,0.0,0.0,0.0,0.0,0.0,0.0,0.0,0.0,0.0,0.0,0.0,0.0,0.0,0.0,0.0,0.0,0.0,0.0,0.0,0.0
2024-03-23,0.0,0.0,0.0,0.0,0.0,0.0,0.0,0.0,0.0,0.0,0.0,0.0,0.0,0.0,0.0,0.0,0.0,0.0,0.0,0.0
2024-03-24,0.0,0.0,0.0,0.0,0.0,0.0,0.0,0.0,0.0,0.0,0.0,0.0,0.0,0.0,0.0,0.0,0.0,0.0,0.0,0.0
2024-03-25,-10.21,-10.21,-10.21,-9.95,-10.61,-10.21,-10.21,-10.21,-10.21,-13.660000000000002,-6.870000000000001,-14.91,-11.46,-8.120000000000001,-17.85,-11.71,-10.72,-4.820000000000002,-4.820000000000002,-3.8200000000000003
2024-03-26,0.0,0.0,0.0,0.0,0.0,0.0,0.0,0.0,0.0,0.0,0.0,0.0,0.0,0.0,0.0,0.0,0.0,0.0,0.0,0.0
2024-03-27,0.0,0.0,0.0,0.0,0.0,0.0,0.0,0.0,0.0,0.0,0.0,0.0,0.0,0.0,0.0,0.0,0.0,0.0,0.0,0.0
2024-03-28,-11.46,-11.46,-11.46,-11.24,-11.79,-11.46,-11.46,-11.46,-11.46,-11.46,-11.46,-11.46,-11.46,-11.46,-11.46,-11.46,-11.46,-11.46,-11.46,-11.46
2024-03-29,0.0,0.0,0.0,0.0,0.0,0.0,0.0,0.0,0.0,0.0,0.0,0.0,0.0,0.0,0.0,0.0,0.0,0.0,0.0,0.0
2024-03-30,0.0,0.0,0.0,0.0,0.0,0.0,0.0,0.0,0.0,0.0,0.0,0.0,0.0,0.0,0.0,0.0,0.0,0.0,0.0,0.0
2024-03-31,0.0,0.0,0.0,0.0,0.0,0.0,0.0,0.0,0.0,0.0,0.0,0.0,0.0,0.0,0.0,0.0,0.0,0.0,0.0,0.0
2024-04-01,0.0,0.0,0.0,0.0,0.0,0.0,0.0,0.0,0.0,0.0,0.0,0.0,0.0,0.0,0.0,0.0,0.0,0.0,0.0,0.0
2024-04-02,5.69,5.69,5.69,5.69,5.69,5.69,9.030000000000001,5.69,5.69,3.05,5.69,2.42,5.07,5.07,3.6,3.6,3.6,1.4,1.4,1.4
2024-04-03,0.0,0.0,0.0,0.0,0.0,0.0,0.0,0.0,0.0,0.0,0.0,0.0,0.0,0.0,0.0,0.0,0.0,0.0,0.0,0.0
2024-04-04,0.0,0.0,0.0,0.0,0.0,0.0,0.0,0.0,0.0,0.0,0.0,0.0,0.0,0.0,0.0,0.0,0.0,0.0,0.0,0.0
2024-04-05,0.0,0.0,0.0,0.0,0.0,0.0,0.0,0.0,0.0,0.0,0.0,0.0,0.0,0.0,0.0,0.0,0.0,0.0,0.0,0.0
2024-04-06,0.0,0.0,0.0,0.0,0.0,0.0,0.0,0.0,0.0,0.0,0.0,0.0,0.0,0.0,0.0,0.0,0.0,0.0,0.0,0.0
2024-04-07,0.0,0.0,0.0,0.0,0.0,0.0,0.0,0.0,0.0,0.0,0.0,0.0,0.0,0.0,0.0,0.0,0.0,0.0,0.0,0.0
2024-04-08,6.43,6.43,6.43,6.43,6.43,6.43,6.43,6.43,6.43,2.02,6.43,1.4,5.8,5.8,-0.07,4.33,4.33,-2.28,2.13,2.13
2024-04-09,3.56,3.56,3.56,3.56,3.56,3.56,3.34,3.56,3.56,3.56,6.43,2.94,2.94,5.8,1.47,1.47,5.8,-0.73,-0.73,3.6
2024-04-10,-29.270000000000003,-29.270000000000003,-29.270000000000003,-28.64,-30.259999999999998,-29.270000000000003,-29.270000000000003,-29.270000000000003,-29.270000000000003,-29.270000000000003,-25.050000000000004,-29.900000000000002,-29.900000000000002,-25.680000000000003,-31.370000000000005,-31.370000000000005,-27.140000000000004,-29.35,-29.35,-29.35
2024-04-11,0.0,0.0,0.0,0.0,0.0,0.0,0.0,0.0,0.0,0.0,0.0,0.0,0.0,0.0,0.0,0.0,0.0,0.0,0.0,0.0
2024-04-12,0.0,0.0,0.0,0.0,0.0,0.0,0.0,0.0,0.0,0.0,0.0,0.0,0.0,0.0,0.0,0.0,0.0,0.0,0.0,0.0
2024-04-13,0.0,0.0,0.0,0.0,0.0,0.0,0.0,0.0,0.0,0.0,0.0,0.0,0.0,0.0,0.0,0.0,0.0,0.0,0.0,0.0
2024-04-14,0.0,0.0,0.0,0.0,0.0,0.0,0.0,0.0,0.0,0.0,0.0,0.0,0.0,0.0,0.0,0.0,0.0,0.0,0.0,0.0
2024-04-15,-76.29,-76.29,-76.29,-75.33,-77.68,-76.29,-76.29,-76.29,-76.29,10.540000000000001,-60.53,8.66,-77.53,-61.78,11.31,-73.82000000000001,-64.71000000000001,13.809999999999999,-69.12,-69.12
2024-04-16,5.03,5.03,5.03,5.03,5.03,5.03,5.03,5.03,5.03,5.03,6.65,4.41,4.41,6.02,2.94,2.94,4.55,3.23,3.23,3.23
2024-04-17,0.0,0.0,0.0,0.0,0.0,0.0,0.0,0.0,0.0,0.0,0.0,0.0,0.0,0.0,0.0,0.0,0.0,0.0,0.0,0.0
2024-04-18,5.88,5.88,5.88,5.88,5.88,0.0,8.26,5.88,5.88,1.87,5.88,1.25,5.25,5.25,-0.22,3.78,3.78,8.04,8.04,8.04
2024-04-19,8.27,8.27,8.27,8.27,8.27,8.27,8.27,8.27,8.27,5.880000000000001,13.34,6.54,8.92,12.08,5.98,5.98,9.14,1.58,1.58,5.03
2024-04-20,0.0,0.0,0.0,0.0,0.0,0.0,0.0,0.0,0.0,0.0,0.0,0.0,0.0,0.0,0.0,0.0,0.0,0.0,0.0,0.0
2024-04-21,0.0,0.0,0.0,0.0,0.0,0.0,0.0,0.0,0.0,0.0,0.0,0.0,0.0,0.0,0.0,0.0,0.0,0.0,0.0,0.0
2024-04-22,0.0,0.0,0.0,0.0,0.0,-12.89,0.0,0.0,0.0,0.0,0.0,0.0,0.0,0.0,0.0,0.0,0.0,0.0,0.0,0.0
2024-04-23,4.04,4.04,4.04,4.04,4.04,4.04,0.0,4.04,4.04,3.05,9.92,2.42,3.42,9.29,1.95,1.95,7.82,-0.26,-0.26,12.19
2024-04-24,0.0,0.0,0.0,-8.23,0.0,0.0,0.0,0.0,0.0,2.17,0.0,1.54,0.0,0.0,0.11,0.0,0.0,-2.09,0.0,0.0
2024-04-25,3.2,3.2,3.2,0.0,3.2,3.2,3.2,3.2,3.2,0.0,5.44,0.0,2.57,5.07,0.0,1.1,3.6,0.0,-1.1,2.2
2024-04-26,0.0,0.0,0.0,0.0,0.0,0.0,0.0,0.0,0.0,0.0,0.0,0.0,0.0,0.0,0.0,0.0,0.0,0.0,0.0,0.0
2024-04-27,0.0,0.0,0.0,0.0,0.0,0.0,0.0,0.0,0.0,0.0,0.0,0.0,0.0,0.0,0.0,0.0,0.0,0.0,0.0,0.0
2024-04-28,0.0,0.0,0.0,0.0,0.0,0.0,0.0,0.0,0.0,0.0,0.0,0.0,0.0,0.0,0.0,0.0,0.0,0.0,0.0,0.0
2024-04-29,0.0,0.0,0.0,0.0,0.0,0.0,0.0,0.0,0.0,0.0,0.0,0.0,0.0,0.0,0.0,0.0,0.0,0.0,0.0,0.0
2024-04-30,0.0,0.0,0.0,0.0,0.0,0.0,0.0,0.0,0.0,0.0,0.0,0.0,0.0,0.0,0.0,0.0,0.0,0.0,0.0,0.0
2024-05-01,7.75,7.75,7.75,7.75,7.75,7.75,3.34,7.75,7.75,5.32,-6.840000000000001,4.08,6.5,-7.460000000000001,5.6899999999999995,5.6899999999999995,-8.93,1.29,1.29,-11.13
2024-05-02,-31.78,-31.78,-31.78,-31.15,-32.73,-31.78,-31.78,-31.78,-31.78,2.86,-31.78,2.24,-31.78,-31.78,0.77,-31.78,-31.78,-1.43,-31.78,-31.78
2024-05-03,16.67,16.67,16.67,16.67,16.67,16.67,16.67,16.67,16.67,16.67,16.67,19.28,19.28,19.28,16.34,16.34,16.34,11.940000000000001,11.940000000000001,11.940000000000001
2024-05-04,0.0,0.0,0.0,0.0,0.0,0.0,0.0,0.0,0.0,0.0,0.0,0.0,0.0,0.0,0.0,0.0,0.0,0.0,0.0,0.0
2024-05-05,0.0,0.0,0.0,0.0,0.0,0.0,0.0,0.0,0.0,0.0,0.0,0.0,0.0,0.0,0.0,0.0,0.0,0.0,0.0,0.0
2024-05-06,8.23,8.23,8.23,8.23,8.23,8.23,8.23,8.23,8.23,2.17,8.23,1.54,7.6,7.6,0.07,9.88,9.88,-2.13,18.47,18.47
2024-05-07,4.77,4.77,4.77,4.77,4.77,4.77,4.77,4.77,4.77,4.77,-24.21,4.15,4.15,-24.21,2.68,2.68,-24.21,0.48,0.48,-24.21
2024-05-08,-13.48,-13.48,-13.48,-13.3,-13.74,-13.48,-13.48,-13.48,-13.48,-13.48,-13.48,-13.48,-13.48,-13.48,-13.48,-13.48,-13.48,-13.48,-13.48,-13.48
2024-05-09,0.0,0.0,0.0,0.0,0.0,0.0,0.0,0.0,0.0,0.0,0.0,0.0,0.0,0.0,0.0,0.0,0.0,0.0,0.0,0.0
2024-05-10,0.0,0.0,0.0,0.0,0.0,0.0,0.0,0.0,0.0,0.0,0.0,0.0,0.0,0.0,0.0,0.0,0.0,0.0,0.0,0.0
2024-05-11,0.0,0.0,0.0,0.0,0.0,0.0,0.0,0.0,0.0,0.0,0.0,0.0,0.0,0.0,0.0,0.0,0.0,0.0,0.0,0.0
2024-05-12,0.0,0.0,0.0,0.0,0.0,0.0,0.0,0.0,0.0,0.0,0.0,0.0,0.0,0.0,0.0,0.0,0.0,0.0,0.0,0.0
2024-05-13,0.0,0.0,0.0,0.0,0.0,0.0,0.0,0.0,0.0,0.0,0.0,0.0,0.0,0.0,0.0,0.0,0.0,0.0,0.0,0.0
2024-05-14,0.0,0.0,0.0,0.0,0.0,0.0,0.0,0.0,0.0,0.0,0.0,0.0,0.0,0.0,0.0,0.0,0.0,0.0,0.0,0.0
2024-05-15,6.32,6.32,6.32,6.32,6.32,6.32,6.32,6.32,6.32,2.09,6.32,1.47,5.69,5.69,4.22,4.22,4.22,7.57,7.57,7.57
2024-05-16,4.41,4.41,4.41,4.41,4.41,4.41,4.41,4.41,4.41,4.41,5.99,3.78,3.78,5.36,2.31,2.31,3.89,0.11,0.11,1.69
2024-05-17,-19.91,-19.91,-19.91,-19.69,-20.24,-19.91,-19.91,-19.91,-19.91,-19.91,-19.91,-19.91,-19.91,-19.91,-19.91,-19.91,-19.91,-19.91,-19.91,-19.91
2024-05-18,0.0,0.0,0.0,0.0,0.0,0.0,0.0,0.0,0.0,0.0,0.0,0.0,0.0,0.0,0.0,0.0,0.0,0.0,0.0,0.0
2024-05-19,0.0,0.0,0.0,0.0,0.0,0.0,0.0,0.0,0.0,0.0,0.0,0.0,0.0,0.0,0.0,0.0,0.0,0.0,0.0,0.0
2024-05-20,9.25,9.25,9.25,9.25,9.25,14.129999999999999,9.25,9.25,9.25,9.25,9.25,8.63,8.63,8.63,7.16,7.16,7.16,4.96,4.96,4.96
2024-05-21,7.38,7.38,7.38,7.38,7.38,7.38,7.38,7.38,7.38,7.38,7.38,6.76,6.76,6.76,5.29,5.29,5.29,3.08,3.08,3.08
2024-05-22,3.56,3.56,3.56,3.56,3.56,3.56,3.56,3.56,3.56,1.73,5.69,1.1,2.94,5.07,0.29,3.01,3.6,0.81,0.81,7.05
2024-05-23,-1.32,-1.32,-1.32,-1.14,-1.58,-1.32,-1.32,-1.32,-1.32,-1.32,-1.32,-1.32,-1.32,-1.32,-1.32,-1.32,-1.32,-1.32,-1.32,-1.32
2024-05-24,4.04,4.04,4.04,4.04,4.04,4.04,4.04,4.04,4.04,4.04,5.62,3.42,3.42,4.99,1.95,1.95,3.53,-0.26,-0.26,14.21
2024-05-25,0.0,0.0,0.0,0.0,0.0,0.0,0.0,0.0,0.0,0.0,0.0,0.0,0.0,0.0,0.0,0.0,0.0,0.0,0.0,0.0
2024-05-26,0.0,0.0,0.0,0.0,0.0,0.0,0.0,0.0,0.0,0.0,0.0,0.0,0.0,0.0,0.0,0.0,0.0,0.0,0.0,0.0
2024-05-27,0.0,0.0,0.0,0.0,0.0,0.0,0.0,0.0,0.0,0.0,0.0,0.0,0.0,0.0,0.0,0.0,0.0,0.0,0.0,0.0
2024-05-28,0.0,0.0,0.0,0.0,0.0,0.0,0.0,0.0,0.0,0.0,0.0,0.0,0.0,0.0,0.0,0.0,0.0,0.0,0.0,0.0
2024-05-29,0.0,0.0,0.0,0.0,0.0,0.0,0.0,0.0,0.0,0.0,0.0,0.0,0.0,0.0,0.0,0.0,0.0,0.0,0.0,0.0
2024-05-30,18.29,18.29,18.29,18.29,18.29,18.29,18.29,18.29,18.29,5.7,0.9099999999999984,3.82,16.42,-0.33000000000000007,5.17,16.05,-2.7200000000000015,-1.1400000000000001,9.73,-6.83
2024-05-31,0.0,0.0,0.0,0.0,0.0,0.0,0.0,0.0,0.0,0.0,0.0,0.0,0.0,0.0,0.0,0.0,0.0,0.0,0.0,0.0
2024-06-01,0.0,0.0,0.0,0.0,0.0,0.0,0.0,0.0,0.0,0.0,0.0,0.0,0.0,0.0,0.0,0.0,0.0,0.0,0.0,0.0
2024-06-02,0.0,0.0,0.0,0.0,0.0,0.0,0.0,0.0,0.0,0.0,0.0,0.0,0.0,0.0,0.0,0.0,0.0,0.0,0.0,0.0
2024-06-03,4.99,4.99,4.99,4.99,3.89,4.99,4.99,4.99,4.99,4.99,6.35,4.37,4.37,5.73,4.26,4.26,4.26,9.03,9.03,9.03
2024-06-04,0.0,0.0,0.0,0.0,0.0,0.0,0.0,0.0,0.0,0.0,0.0,0.0,0.0,0.0,0.0,0.0,0.0,0.0,0.0,0.0
2024-06-05,0.0,0.0,0.0,0.0,0.0,0.0,0.0,0.0,0.0,0.0,0.0,0.0,0.0,0.0,0.0,0.0,0.0,0.0,0.0,0.0
2024-06-06,6.9,6.9,6.9,6.9,6.9,6.9,6.9,6.9,6.9,3.12,6.9,2.5,6.32,6.32,4.85,4.85,4.85,9.22,9.22,9.22
2024-06-07,-43.06,-43.06,-43.06,-42.32,-44.2,-43.06,-24.400000000000002,-43.06,-43.06,-23.990000000000002,-39.61,-25.240000000000002,-43.68000000000001,-38.650000000000006,-28.180000000000003,-43.870000000000005,-40.120000000000005,-25.72,-42.32,-42.32
2024-06-08,0.0,0.0,0.0,0.0,0.0,0.0,0.0,0.0,0.0,0.0,0.0,0.0,0.0,0.0,0.0,0.0,0.0,0.0,0.0,0.0
2024-06-09,0.0,0.0,0.0,0.0,0.0,0.0,0.0,0.0,0.0,0.0,0.0,0.0,0.0,0.0,0.0,0.0,0.0,0.0,0.0,0.0
2024-06-10,3.64,3.64,3.64,3.64,3.64,3.64,3.64,3.64,3.64,3.64,5.4,3.01,3.01,4.77,1.54,1.54,3.56,-0.66,-0.66,5.58
2024-06-11,6.1,6.1,6.1,6.1,6.1,6.1,6.1,6.1,6.1,2.86,6.1,2.24,5.47,5.47,0.77,4.0,4.0,-1.43,1.8,1.8
2024-06-12,0.0,0.0,0.0,0.0,0.0,0.0,0.0,0.0,0.0,0.0,0.0,0.0,0.0,0.0,0.0,0.0,0.0,0.0,0.0,0.0
2024-06-13,0.0,0.0,0.0,0.0,0.0,0.0,0.0,0.0,0.0,0.0,0.0,0.0,0.0,0.0,0.0,0.0,0.0,0.0,0.0,0.0
2024-06-14,0.0,0.0,0.0,0.0,0.0,0.0,0.0,0.0,0.0,0.0,0.0,0.0,0.0,0.0,0.0,0.0,0.0,0.0,0.0,0.0
2024-06-15,0.0,0.0,0.0,0.0,0.0,0.0,0.0,0.0,0.0,0.0,0.0,0.0,0.0,0.0,0.0,0.0,0.0,0.0,0.0,0.0
2024-06-16,0.0,0.0,0.0,0.0,0.0,0.0,0.0,0.0,0.0,0.0,0.0,0.0,0.0,0.0,0.0,0.0,0.0,0.0,0.0,0.0
2024-06-17,10.17,10.17,10.17,10.17,10.17,10.17,10.17,10.17,10.17,4.89,-10.03,3.63,8.93,-10.649999999999999,2.2,5.99,-12.12,1.5699999999999998,1.5699999999999998,-14.33
2024-06-18,0.0,0.0,0.0,0.0,0.0,0.0,0.0,0.0,0.0,0.0,0.0,0.0,0.0,0.0,0.0,0.0,0.0,0.0,0.0,0.0
2024-06-19,0.0,0.0,0.0,0.0,0.0,0.0,0.0,0.0,0.0,0.0,0.0,0.0,0.0,0.0,0.0,0.0,0.0,0.0,0.0,0.0
2024-06-20,15.06,15.06,15.06,15.06,15.06,15.06,14.58,15.06,15.06,5.65,-2.4299999999999997,3.79,13.19,-3.6799999999999997,13.4,21.67,2.6000000000000014,13.11,15.049999999999999,-1.8100000000000005
2024-06-21,-6.03,-6.03,-6.03,-5.88,-6.28,-6.03,-6.03,-6.03,-6.03,-6.03,-6.03,-6.03,-6.03,-6.03,-6.03,-6.03,-6.03,-6.03,-6.03,-6.03
2024-06-22,0.0,0.0,0.0,0.0,0.0,0.0,0.0,0.0,0.0,0.0,0.0,0.0,0.0,0.0,0.0,0.0,0.0,0.0,0.0,0.0
2024-06-23,0.0,0.0,0.0,0.0,0.0,0.0,0.0,0.0,0.0,0.0,0.0,0.0,0.0,0.0,0.0,0.0,0.0,0.0,0.0,0.0
2024-06-24,0.0,0.0,0.0,0.0,0.0,0.0,0.0,0.0,0.0,0.0,0.0,0.0,0.0,0.0,0.0,0.0,0.0,0.0,0.0,0.0
2024-06-25,0.0,0.0,0.0,0.0,0.0,0.0,0.0,0.0,0.0,0.0,0.0,0.0,0.0,0.0,0.0,0.0,0.0,0.0,0.0,0.0
2024-06-26,0.0,0.0,0.0,0.0,0.0,0.0,0.0,0.0,0.0,0.0,0.0,0.0,0.0,0.0,0.0,0.0,0.0,0.0,0.0,0.0
2024-06-27,0.0,0.0,0.0,0.0,0.0,0.0,0.0,0.0,0.0,0.0,0.0,0.0,0.0,0.0,0.0,0.0,0.0,0.0,0.0,0.0
2024-06-28,0.0,0.0,0.0,0.0,0.0,0.0,0.0,0.0,0.0,0.0,0.0,0.0,0.0,0.0,0.0,0.0,0.0,0.0,0.0,0.0
2024-06-29,0.0,0.0,0.0,0.0,0.0,0.0,0.0,0.0,0.0,0.0,0.0,0.0,0.0,0.0,0.0,0.0,0.0,0.0,0.0,0.0
2024-06-30,0.0,0.0,0.0,0.0,0.0,0.0,0.0,0.0,0.0,0.0,0.0,0.0,0.0,0.0,0.0,0.0,0.0,0.0,0.0,0.0
2024-07-01,0.0,0.0,0.0,0.0,0.0,0.0,0.0,0.0,0.0,0.0,0.0,0.0,0.0,0.0,0.0,0.0,0.0,0.0,0.0,0.0
2024-07-02,0.0,0.0,0.0,0.0,0.0,0.0,0.0,0.0,0.0,0.0,0.0,0.0,0.0,0.0,0.0,0.0,0.0,0.0,0.0,0.0
2024-07-03,0.0,0.0,0.0,0.0,0.0,0.0,0.0,0.0,0.0,0.0,0.0,0.0,0.0,0.0,0.0,0.0,0.0,0.0,0.0,0.0
2024-07-04,0.0,0.0,0.0,0.0,0.0,0.0,0.0,0.0,0.0,0.0,0.0,0.0,0.0,0.0,0.0,0.0,0.0,0.0,0.0,0.0
2024-07-05,3.45,3.45,3.45,3.45,3.45,3.45,3.45,3.45,3.45,1.76,6.21,2.83,2.83,5.58,1.36,1.36,8.3,-0.85,-0.85,6.1
2024-07-06,0.0,0.0,0.0,0.0,0.0,0.0,0.0,0.0,0.0,0.0,0.0,0.0,0.0,0.0,0.0,0.0,0.0,0.0,0.0,0.0
2024-07-07,0.0,0.0,0.0,0.0,0.0,0.0,0.0,0.0,0.0,0.0,0.0,0.0,0.0,0.0,0.0,0.0,0.0,0.0,0.0,0.0
2024-07-08,3.45,3.45,3.45,3.45,3.45,3.45,3.45,3.45,3.45,3.45,6.57,2.83,2.83,5.95,1.36,1.36,4.48,-0.85,-0.85,2.28
2024-07-09,0.0,0.0,0.0,0.0,0.0,0.0,0.0,0.0,0.0,0.0,0.0,0.0,0.0,0.0,0.0,0.0,0.0,0.0,0.0,0.0
2024-07-10,6.39,6.39,6.39,6.39,6.39,6.39,6.39,6.39,6.39,1.91,6.39,1.29,5.77,5.77,-0.18,4.3,4.3,2.09,2.09,2.09
2024-07-11,4.88,4.88,4.88,4.88,4.88,4.88,4.88,4.88,4.88,1.73,8.26,1.1,4.59,9.25,7.79,7.79,7.79,5.58,5.58,5.58
2024-07-12,0.0,0.0,0.0,0.0,0.0,0.0,0.0,0.0,0.0,0.0,0.0,0.0,0.0,0.0,0.0,0.0,0.0,0.0,0.0,0.0
2024-07-13,0.0,0.0,0.0,0.0,0.0,0.0,0.0,0.0,0.0,0.0,0.0,0.0,0.0,0.0,0.0,0.0,0.0,0.0,0.0,0.0
2024-07-14,0.0,0.0,0.0,0.0,0.0,0.0,0.0,0.0,0.0,0.0,0.0,0.0,0.0,0.0,0.0,0.0,0.0,0.0,0.0,0.0
2024-07-15,0.0,0.0,0.0,0.0,0.0,0.0,0.0,0.0,0.0,0.0,0.0,0.0,0.0,0.0,0.0,0.0,0.0,0.0,0.0,0.0
2024-07-16,3.71,3.71,3.71,3.71,3.71,3.71,3.71,3.71,3.71,3.71,6.06,3.08,3.08,6.06,1.62,1.62,4.59,0.7,0.7,9.18
2024-07-17,0.0,0.0,0.0,0.0,0.0,0.0,0.0,0.0,0.0,0.0,0.0,0.0,0.0,0.0,0.0,0.0,0.0,0.0,0.0,0.0
2024-07-18,0.0,0.0,0.0,0.0,0.0,0.0,0.0,0.0,0.0,0.0,0.0,0.0,0.0,0.0,0.0,0.0,0.0,0.0,0.0,0.0
2024-07-19,0.0,0.0,0.0,0.0,-0.66,0.0,0.0,0.0,0.0,0.0,0.0,0.0,0.0,0.0,0.0,0.0,0.0,0.0,0.0,0.0
2024-07-20,0.0,0.0,0.0,0.0,0.0,0.0,0.0,0.0,0.0,0.0,0.0,0.0,0.0,0.0,0.0,0.0,0.0,0.0,0.0,0.0
2024-07-21,3.19,3.19,3.19,3.19,3.19,3.19,3.19,3.19,3.19,1.69,0.0,1.06,2.57,0.0,-0.4,1.1,0.0,-1.76,0.0,0.0
2024-07-22,0.0,0.0,0.0,0.0,0.0,0.0,0.0,0.0,0.0,0.0,-17.89,0.0,0.0,-17.89,0.0,0.0,-17.89,0.0,-1.1,-17.89
2024-07-23,3.23,3.23,3.23,3.23,3.23,3.23,3.23,3.23,3.23,1.98,7.01,1.36,2.61,6.39,-0.11,2.09,4.92,-0.11,-0.11,3.08
2024-07-24,-5.33,-5.33,-5.33,-4.83,-6.030000000000001,-5.33,-12.709999999999999,-5.33,-5.33,-8.629999999999999,0.25,-10.51,-6.61,0.20999999999999996,1.5699999999999998,3.08,10.760000000000002,-5.000000000000001,-3.490000000000001,4.139999999999999
2024-07-25,3.53,3.53,3.53,3.53,3.53,3.53,3.53,3.53,3.53,1.91,6.02,1.29,2.9,5.4,2.86,2.86,5.1,2.9,2.9,2.9
2024-07-26,1.33,1.33,1.33,1.5499999999999998,0.96,1.33,1.33,1.33,1.33,6.279999999999999,8.040000000000001,4.41,1.7300000000000004,6.8,0.0,0.7400000000000011,4.74,-6.57,-3.6799999999999997,21.770000000000003
2024-07-27,0.0,0.0,0.0,0.0,0.0,0.0,0.0,0.0,0.0,0.0,0.0,0.0,0.0,0.0,0.0,0.0,0.0,0.0,0.0,0.0
2024-07-28,0.0,0.0,0.0,0.0,0.0,0.0,0.0,0.0,0.0,0.0,0.0,0.0,0.0,0.0,0.0,0.0,0.0,0.0,0.0,0.0
2024-07-29,10.36,10.36,10.36,10.36,10.36,10.36,10.36,10.36,10.36,8.89,5.6499999999999995,9.030000000000001,14.57,5.029999999999999,4.62,11.629999999999999,3.5599999999999996,7.45,7.45,1.3599999999999994
2024-07-30,4.37,4.37,4.37,4.37,4.37,0.0,4.37,4.37,0.0,4.37,5.55,3.93,3.93,4.92,2.46,2.46,3.45,6.98,6.98,6.98
2024-07-31,3.64,3.64,3.64,3.64,3.64,3.64,7.53,3.64,3.64,3.64,6.98,3.01,3.01,6.35,2.02,2.02,4.88,-0.18,-0.18,3.86
2024-08-01,0.0,0.0,0.0,0.0,0.0,0.0,0.0,0.0,0.0,0.0,0.0,0.0,0.0,0.0,0.0,0.0,0.0,0.0,0.0,0.0
2024-08-02,0.0,0.0,0.0,0.0,0.0,3.89,3.67,0.0,0.0,0.0,0.0,0.0,0.0,0.0,0.0,0.0,0.0,0.0,0.0,0.0
2024-08-03,0.0,0.0,0.0,0.0,0.0,0.0,0.0,0.0,0.0,0.0,0.0,0.0,0.0,0.0,0.0,0.0,0.0,0.0,0.0,0.0
2024-08-04,0.0,0.0,0.0,0.0,0.0,6.1,0.0,0.0,0.0,0.0,0.0,0.0,0.0,0.0,0.0,0.0,0.0,0.0,0.0,0.0
2024-08-05,21.229999999999997,21.229999999999997,21.229999999999997,21.229999999999997,21.229999999999997,21.229999999999997,21.229999999999997,21.229999999999997,21.229999999999997,4.7,32.43,3.45,19.97,31.17,0.51,28.25,28.25,9.4,23.83,23.83
2024-08-06,0.0,0.0,0.0,0.0,0.0,0.0,0.0,0.0,0.0,0.0,0.0,0.0,0.0,0.0,0.0,0.0,0.0,0.0,0.0,0.0
2024-08-07,0.0,0.0,0.0,0.0,0.0,0.0,0.0,0.0,0.0,0.0,0.0,0.0,0.0,0.0,0.0,0.0,0.0,0.0,0.0,0.0
2024-08-08,0.0,0.0,0.0,0.0,0.0,0.0,0.0,0.0,0.0,0.0,0.0,0.0,0.0,0.0,0.0,0.0,0.0,0.0,0.0,0.0
2024-08-09,5.14,5.14,5.14,5.14,5.14,5.14,5.14,5.14,5.14,5.14,5.47,4.85,4.85,4.85,3.38,3.38,3.38,1.18,1.18,1.18
2024-08-10,0.0,0.0,0.0,0.0,0.0,0.0,0.0,0.0,0.0,0.0,0.0,0.0,0.0,0.0,0.0,0.0,0.0,0.0,0.0,0.0
2024-08-11,0.0,0.0,0.0,0.0,0.0,0.0,0.0,0.0,0.0,0.0,0.0,0.0,0.0,0.0,0.0,0.0,0.0,0.0,0.0,0.0
2024-08-12,0.0,0.0,0.0,0.0,0.0,0.0,0.0,0.0,0.0,0.0,0.0,0.0,0.0,0.0,0.0,0.0,0.0,0.0,0.0,0.0
2024-08-13,-18.77,-18.77,-18.77,-18.52,-19.14,-18.77,-18.77,-18.77,-18.77,-18.77,-18.77,-18.77,-18.77,-18.77,-18.77,-18.77,-18.77,-18.77,-18.77,-18.77
2024-08-14,11.2,11.2,11.2,11.2,11.2,11.2,11.2,11.2,11.2,6.17,20.42,4.3,9.33,18.54,2.61,4.92,19.57,0.52,0.52,28.939999999999998
2024-08-15,0.0,0.0,0.0,0.0,0.0,0.0,0.0,0.0,0.0,0.0,0.0,0.0,0.0,0.0,0.0,0.0,0.0,0.0,0.0,0.0
2024-08-16,0.0,0.0,0.0,0.0,0.0,0.0,0.0,0.0,0.0,0.0,0.0,0.0,0.0,0.0,0.0,0.0,0.0,0.0,0.0,0.0
2024-08-17,0.0,0.0,0.0,0.0,0.0,0.0,0.0,0.0,0.0,0.0,0.0,0.0,0.0,0.0,0.0,0.0,0.0,0.0,0.0,0.0
2024-08-18,0.0,0.0,0.0,0.0,0.0,0.0,0.0,0.0,0.0,0.0,0.0,0.0,0.0,0.0,0.0,0.0,0.0,0.0,0.0,0.0
2024-08-19,0.0,0.0,0.0,0.0,0.0,0.0,0.0,0.0,0.0,0.0,0.0,0.0,0.0,0.0,0.0,0.0,0.0,0.0,0.0,0.0
2024-08-20,5.91,5.91,5.91,5.91,5.91,5.91,5.91,5.91,5.91,5.91,5.91,5.29,5.29,5.29,7.38,7.38,7.38,5.18,5.18,5.18
2024-08-21,6.98,6.98,6.98,6.98,6.98,6.98,6.98,6.98,6.98,6.140000000000001,6.79,4.92,5.73,6.17,1.98,1.65,4.7,2.5,2.5,2.5
2024-08-22,8.3,8.3,8.3,8.3,8.3,8.3,13.88,12.450000000000001,8.3,8.3,14.65,7.67,7.67,13.4,6.21,7.35,10.469999999999999,2.9299999999999997,2.9299999999999997,7.01
2024-08-23,15.280000000000001,15.280000000000001,15.280000000000001,15.280000000000001,15.280000000000001,15.280000000000001,15.280000000000001,15.280000000000001,15.280000000000001,6.61,7.35,5.69,15.42,6.09,1.54,22.29,12.52,8.96,20.82,13.25
2024-08-24,0.0,0.0,0.0,0.0,0.0,0.0,0.0,0.0,0.0,0.0,0.0,0.0,0.0,0.0,0.0,0.0,0.0,0.0,0.0,0.0
2024-08-25,0.0,0.0,0.0,0.0,0.0,0.0,0.0,0.0,0.0,0.0,0.0,0.0,0.0,0.0,0.0,0.0,0.0,0.0,0.0,0.0
2024-08-26,0.0,0.0,0.0,0.0,0.0,0.0,0.0,0.0,0.0,0.0,0.0,0.0,0.0,0.0,0.0,0.0,0.0,0.0,0.0,0.0
2024-08-27,-3.2,-3.2,-3.2,-3.01,-3.45,-3.2,-3.2,-3.2,-3.2,-3.2,-3.2,-3.2,-3.2,-3.2,-3.2,-3.2,-3.2,-3.2,-3.2,-3.2
2024-08-28,0.0,0.0,0.0,0.0,0.0,0.0,0.0,0.0,0.0,0.0,0.0,0.0,0.0,0.0,0.0,0.0,0.0,0.0,0.0,0.0
2024-08-29,0.0,0.0,0.0,0.0,0.0,0.0,0.0,0.0,0.0,0.0,0.0,0.0,0.0,0.0,0.0,0.0,0.0,0.0,0.0,0.0
2024-08-30,0.0,0.0,0.0,0.0,0.0,0.0,0.0,0.0,0.0,0.0,0.0,0.0,0.0,0.0,0.0,0.0,0.0,0.0,0.0,0.0
2024-08-31,0.0,0.0,0.0,0.0,0.0,0.0,0.0,0.0,0.0,0.0,0.0,0.0,0.0,0.0,0.0,0.0,0.0,0.0,0.0,0.0
2024-09-01,0.0,0.0,0.0,0.0,0.0,0.0,0.0,0.0,0.0,0.0,0.0,0.0,0.0,0.0,0.0,0.0,0.0,0.0,0.0,0.0
2024-09-02,0.0,0.0,0.0,0.0,0.0,0.0,0.0,0.0,0.0,0.0,0.0,0.0,0.0,0.0,0.0,0.0,0.0,0.0,0.0,0.0
2024-09-03,0.0,0.0,0.0,0.0,0.0,0.0,0.0,0.0,0.0,0.0,0.0,0.0,0.0,0.0,0.0,0.0,0.0,0.0,0.0,0.0
2024-09-04,-11.76,-11.76,-11.76,-11.76,-11.76,-11.76,-11.76,-11.76,-11.76,1.87,-11.76,1.25,-11.76,-11.76,-0.22,-11.76,-11.76,-2.42,-11.76,-11.76
2024-09-05,3.67,3.67,3.67,3.67,3.67,3.67,3.67,3.67,3.67,2.39,4.88,1.76,3.05,4.88,1.95,1.95,4.88,-0.26,-0.26,4.88
2024-09-06,0.0,0.0,0.0,0.0,0.0,0.0,0.0,0.0,0.0,0.0,0.0,0.0,0.0,0.0,0.0,0.0,0.0,0.0,0.0,0.0
2024-09-07,0.0,0.0,0.0,0.0,0.0,0.0,0.0,0.0,0.0,0.0,0.0,0.0,0.0,0.0,0.0,0.0,0.0,0.0,0.0,0.0
2024-09-08,0.0,0.0,0.0,0.0,0.0,0.0,0.0,0.0,0.0,0.0,0.0,0.0,0.0,0.0,0.0,0.0,0.0,0.0,0.0,0.0
2024-09-09,0.0,0.0,0.0,0.0,0.0,0.0,0.0,0.0,0.0,0.0,0.0,0.0,0.0,0.0,0.0,0.0,0.0,0.0,0.0,0.0
2024-09-10,0.0,0.0,0.0,0.0,0.0,0.0,0.0,0.0,0.0,0.0,0.0,0.0,0.0,0.0,0.0,0.0,0.0,0.0,0.0,0.0
2024-09-11,0.0,0.0,0.0,0.0,0.0,0.0,0.0,0.0,0.0,0.0,0.0,0.0,0.0,0.0,0.0,0.0,0.0,0.0,0.0,0.0
2024-09-12,7.71,7.71,7.71,7.71,7.71,7.71,7.71,7.71,7.71,2.72,7.71,2.09,7.09,7.09,5.62,5.62,5.62,3.42,3.42,3.42
2024-09-13,0.0,0.0,0.0,0.0,0.0,0.0,0.0,0.0,0.0,0.0,0.0,0.0,0.0,0.0,0.0,0.0,0.0,0.0,0.0,0.0
2024-09-14,0.0,0.0,0.0,0.0,0.0,0.0,0.0,0.0,0.0,0.0,0.0,0.0,0.0,0.0,0.0,0.0,0.0,0.0,0.0,0.0
2024-09-15,0.0,0.0,0.0,0.0,0.0,0.0,0.0,0.0,0.0,0.0,0.0,0.0,0.0,0.0,0.0,0.0,0.0,0.0,0.0,0.0
2024-09-16,0.0,0.0,0.0,0.0,0.0,0.0,0.0,0.0,0.0,0.0,0.0,0.0,0.0,0.0,0.0,0.0,0.0,0.0,0.0,0.0
2024-09-17,9.99,9.99,9.99,9.99,9.99,9.99,9.99,9.99,9.99,3.8600000000000003,12.74,4.8100000000000005,8.74,12.120000000000001,8.77,8.77,12.370000000000001,10.17,10.17,10.17
2024-09-18,9.95,9.95,9.95,9.95,9.95,9.95,9.95,9.95,0.0,2.75,9.95,2.13,9.33,9.33,0.66,7.86,7.86,-1.54,5.66,5.66
2024-09-19,4.52,4.52,4.52,4.52,4.52,4.52,0.0,4.52,4.52,2.17,5.8,1.54,3.89,5.18,0.07,2.42,3.71,-1.4,1.95,1.95
2024-09-20,4.41,4.41,4.41,4.41,4.41,4.41,4.41,4.41,4.41,2.31,6.61,1.69,3.78,5.99,5.1,5.1,5.1,2.9,2.9,2.9
2024-09-21,0.0,0.0,0.0,0.0,0.0,0.0,0.0,0.0,0.0,0.0,0.0,0.0,0.0,0.0,0.0,0.0,0.0,0.0,0.0,0.0
2024-09-22,0.0,0.0,0.0,0.0,0.0,0.0,0.0,0.0,0.0,0.0,0.0,0.0,0.0,0.0,0.0,0.0,0.0,0.0,0.0,0.0
2024-09-23,3.49,3.49,3.49,3.49,3.49,3.49,3.49,3.49,3.49,3.49,6.32,2.86,2.86,5.69,1.4,1.4,4.22,2.02,2.02,2.02
2024-09-24,3.27,3.27,3.27,3.27,3.27,3.27,3.27,3.27,3.27,2.97,5.62,2.64,2.64,9.36,15.5,15.5,15.5,15.42,15.42,15.42
2024-09-25,0.0,0.0,0.0,0.0,0.0,0.0,0.0,0.0,0.0,0.0,0.0,0.0,0.0,0.0,0.0,0.0,0.0,0.0,0.0,0.0
2024-09-26,0.0,0.0,0.0,0.0,0.0,0.0,0.0,0.0,0.0,0.0,0.0,0.0,0.0,0.0,0.0,0.0,0.0,0.0,0.0,0.0
2024-09-27,0.0,0.0,0.0,0.0,0.0,0.0,0.0,0.0,0.0,0.0,0.0,0.0,0.0,0.0,0.0,0.0,0.0,0.0,0.0,0.0
2024-09-28,0.0,0.0,0.0,0.0,0.0,0.0,0.0,0.0,0.0,0.0,0.0,0.0,0.0,0.0,0.0,0.0,0.0,0.0,0.0,0.0
2024-09-29,0.0,0.0,0.0,0.0,0.0,0.0,0.0,0.0,0.0,0.0,0.0,0.0,0.0,0.0,0.0,0.0,0.0,0.0,0.0,0.0
2024-09-30,5.43,5.43,5.43,5.43,5.43,5.43,5.43,5.43,5.43,2.2,5.43,1.58,7.6,7.6,0.11,6.13,6.13,-2.09,3.93,3.93
2024-10-01,-7.24,-7.24,-7.24,-7.02,-7.53,-7.24,-7.24,-7.24,-7.24,2.97,-7.24,2.35,-7.24,-7.24,0.88,-7.24,-7.24,-1.32,-7.24,-7.24
2024-10-02,-41.55,-41.55,-41.55,-41.07,-42.25,-41.55,-41.55,-41.55,-41.55,2.17,-41.55,1.54,-41.55,-41.55,0.07,-41.55,-41.55,-2.13,-41.55,-41.55
2024-10-03,0.0,0.0,0.0,0.0,0.0,0.0,0.0,0.0,0.0,0.0,0.0,0.0,0.0,0.0,0.0,0.0,0.0,0.0,0.0,0.0
2024-10-04,0.0,0.0,0.0,0.0,0.0,0.0,0.0,0.0,0.0,0.0,0.0,0.0,0.0,0.0,0.0,0.0,0.0,0.0,0.0,0.0
2024-10-05,0.0,0.0,0.0,0.0,0.0,0.0,0.0,0.0,0.0,0.0,0.0,0.0,0.0,0.0,0.0,0.0,0.0,0.0,0.0,0.0
2024-10-06,0.0,0.0,0.0,0.0,0.0,0.0,0.0,0.0,0.0,0.0,0.0,0.0,0.0,0.0,0.0,0.0,0.0,0.0,0.0,0.0
2024-10-07,0.0,0.0,0.0,0.0,0.0,0.0,0.0,0.0,0.0,0.0,0.0,0.0,0.0,0.0,0.0,0.0,0.0,0.0,0.0,0.0
2024-10-08,0.0,0.0,0.0,0.0,0.0,0.0,0.0,0.0,0.0,0.0,0.0,0.0,0.0,0.0,0.0,0.0,0.0,0.0,0.0,0.0
2024-10-09,0.0,0.0,0.0,0.0,0.0,0.0,0.0,0.0,0.0,0.0,0.0,0.0,0.0,0.0,0.0,0.0,0.0,0.0,0.0,0.0
2024-10-10,4.22,4.22,4.22,4.22,4.22,4.22,4.22,4.22,4.22,2.35,8.12,1.73,3.6,7.49,7.82,7.82,7.82,8.89,8.89,8.89
2024-10-11,0.0,0.0,0.0,0.0,0.0,0.0,0.0,0.0,0.0,0.0,0.0,0.0,0.0,0.0,0.0,0.0,0.0,0.0,0.0,0.0
2024-10-12,0.0,0.0,0.0,0.0,0.0,0.0,0.0,0.0,0.0,0.0,0.0,0.0,0.0,0.0,0.0,0.0,0.0,0.0,0.0,0.0
2024-10-13,0.0,0.0,0.0,0.0,0.0,0.0,0.0,0.0,0.0,0.0,0.0,0.0,0.0,0.0,0.0,0.0,0.0,0.0,0.0,0.0
2024-10-14,0.0,0.0,0.0,0.0,0.0,0.0,0.0,0.0,0.0,0.0,0.0,0.0,0.0,0.0,0.0,0.0,0.0,0.0,0.0,0.0
2024-10-15,5.22,5.22,5.22,5.22,5.22,5.22,5.22,5.22,5.22,2.72,5.69,2.09,5.07,5.07,0.62,9.84,9.84,8.7,8.7,8.7
2024-10-16,5.29,5.29,5.29,5.29,5.29,5.29,5.29,5.29,5.29,1.73,-7.31,1.1,4.66,-7.31,3.19,3.19,-7.31,0.99,0.99,-7.31
2024-10-17,10.06,10.06,10.06,10.06,10.06,10.06,10.06,10.06,10.06,4.37,13.11,3.12,8.81,11.969999999999999,7.27,7.27,11.68,7.779999999999999,7.779999999999999,7.779999999999999
2024-10-18,0.0,0.0,0.0,0.0,0.0,0.0,0.0,0.0,0.0,0.0,0.0,0.0,0.0,0.0,0.0,0.0,0.0,0.0,0.0,0.0
2024-10-19,0.0,0.0,0.0,0.0,0.0,0.0,0.0,0.0,0.0,0.0,0.0,0.0,0.0,0.0,0.0,0.0,0.0,0.0,0.0,0.0
2024-10-20,0.0,0.0,0.0,0.0,0.0,0.0,0.0,0.0,0.0,0.0,0.0,0.0,0.0,0.0,0.0,0.0,0.0,0.0,0.0,0.0
2024-10-21,0.0,0.0,0.0,0.0,0.0,0.0,4.52,0.0,0.0,0.0,0.0,0.0,0.0,0.0,0.0,0.0,0.0,0.0,0.0,0.0
2024-10-22,-10.95,-10.95,-10.95,-10.69,10.58,-10.95,-10.95,-10.95,-10.95,-13.08,-9.34,-13.71,-11.58,-9.96,-15.18,-13.05,-9.780000000000001,-17.38,-11.98,-11.98
2024-10-23,0.0,0.0,0.0,0.0,0.0,0.0,0.0,0.0,0.0,0.0,0.0,0.0,0.0,0.0,0.0,0.0,0.0,0.0,0.0,0.0
2024-10-24,4.85,4.85,4.85,4.85,4.85,4.85,4.85,4.85,4.85,4.85,5.95,4.22,4.22,5.32,2.75,2.75,3.86,0.55,0.55,1.65
2024-10-25,0.0,0.0,0.0,0.0,0.0,0.0,0.0,0.0,0.0,0.0,0.0,0.0,0.0,0.0,0.0,0.0,0.0,0.0,0.0,0.0
2024-10-26,0.0,0.0,0.0,0.0,0.0,0.0,0.0,0.0,0.0,0.0,0.0,0.0,0.0,0.0,0.0,0.0,0.0,0.0,0.0,0.0
2024-10-27,3.82,3.82,3.82,3.82,3.82,0.0,3.82,3.82,3.82,1.95,8.23,1.32,7.6,7.6,12.93,12.93,12.93,10.72,10.72,10.72
2024-10-28,0.0,0.0,0.0,0.0,0.0,-11.94,0.0,0.0,0.0,0.0,0.0,0.0,0.0,0.0,0.0,0.0,0.0,0.0,0.0,0.0
2024-10-29,0.0,0.0,0.0,0.0,0.0,0.0,0.0,0.0,0.0,0.0,0.0,0.0,0.0,0.0,0.0,0.0,0.0,0.0,0.0,0.0
2024-10-30,0.0,0.0,0.0,0.0,0.0,0.0,0.0,0.0,0.0,0.0,0.0,0.0,0.0,0.0,0.0,0.0,0.0,0.0,0.0,0.0
2024-10-31,-10.84,-10.84,-10.84,-10.84,-10.84,-10.84,-10.84,-10.84,-10.84,-14.92,-10.84,-15.540000000000001,-11.47,-11.47,-17.01,-12.86,-12.86,-15.06,-15.06,-15.06
2024-11-01,-3.45,-3.45,-3.45,-2.9,-4.26,-3.45,-3.45,-3.45,-3.45,-3.45,-3.45,-3.45,-3.45,-3.45,-3.45,-3.45,-3.45,-3.45,-3.45,-3.45
2024-11-02,0.0,0.0,0.0,0.0,0.0,0.0,0.0,0.0,0.0,0.0,0.0,0.0,0.0,0.0,0.0,0.0,0.0,0.0,0.0,0.0
2024-11-03,0.0,0.0,0.0,0.0,0.0,0.0,0.0,0.0,0.0,0.0,0.0,0.0,0.0,0.0,0.0,0.0,0.0,0.0,0.0,0.0
2024-11-04,0.0,0.0,0.0,0.0,0.0,0.0,0.0,0.0,0.0,0.0,0.0,0.0,0.0,0.0,0.0,0.0,0.0,0.0,0.0,0.0
2024-11-05,0.0,0.0,0.0,0.0,0.0,0.0,0.0,0.0,0.0,0.0,0.0,0.0,0.0,0.0,0.0,0.0,0.0,0.0,0.0,0.0
2024-11-06,27.17,27.17,27.17,27.17,27.17,27.17,15.42,27.17,27.17,16.6,40.72,13.48,24.06,37.61,12.64,20.86,31.03,1.5999999999999996,9.84,20.02
2024-11-07,-0.22999999999999954,-0.22999999999999954,-0.22999999999999954,-0.22999999999999954,-0.22999999999999954,-0.22999999999999954,-0.22999999999999954,-0.22999999999999954,-0.22999999999999954,-0.22999999999999954,2.5600000000000005,-0.8500000000000001,-0.8500000000000001,1.9400000000000004,-2.06,-2.06,0.46999999999999975,-4.27,-4.27,-1.73
2024-11-08,5.8,5.8,5.8,5.8,5.8,5.8,5.8,5.8,5.8,5.8,5.8,5.18,5.18,5.18,3.71,3.71,3.71,1.51,1.51,1.51
2024-11-09,0.0,0.0,0.0,0.0,0.0,0.0,0.0,0.0,0.0,0.0,0.0,0.0,0.0,0.0,0.0,0.0,0.0,0.0,0.0,0.0
2024-11-10,0.0,0.0,0.0,0.0,0.0,0.0,0.0,0.0,0.0,0.0,0.0,0.0,0.0,0.0,0.0,0.0,0.0,0.0,0.0,0.0
2024-11-11,0.0,0.0,0.0,0.0,0.0,0.0,0.0,0.0,0.0,0.0,0.0,0.0,0.0,0.0,0.0,0.0,0.0,0.0,0.0,0.0
2024-11-12,0.0,0.0,0.0,0.0,0.0,0.0,0.0,0.0,0.0,0.0,0.0,0.0,0.0,0.0,0.0,0.0,0.0,0.0,0.0,0.0
2024-11-13,4.52,4.52,4.52,4.52,4.52,4.52,4.52,4.52,4.52,4.52,7.01,3.89,3.89,18.73,2.42,2.42,17.26,0.22,0.22,15.06
2024-11-14,4.99,4.99,4.99,4.99,4.99,4.99,4.99,4.99,4.99,2.83,5.77,2.2,4.37,5.14,2.9,2.9,3.67,0.7,0.7,4.77
2024-11-15,0.0,0.0,0.0,0.0,0.0,0.0,0.0,0.0,0.0,0.0,0.0,0.0,0.0,0.0,0.0,0.0,0.0,0.0,0.0,0.0
2024-11-16,0.0,0.0,0.0,0.0,0.0,0.0,0.0,0.0,0.0,0.0,0.0,0.0,0.0,0.0,0.0,0.0,0.0,0.0,0.0,0.0
2024-11-17,0.0,0.0,0.0,0.0,0.0,0.0,0.0,0.0,0.0,0.0,0.0,0.0,0.0,0.0,0.0,0.0,0.0,0.0,0.0,0.0
2024-11-18,0.0,0.0,0.0,0.0,0.0,0.0,0.0,0.0,0.0,0.0,0.0,0.0,0.0,0.0,0.0,0.0,0.0,0.0,0.0,0.0
2024-11-19,14.18,14.18,14.18,14.18,14.18,14.18,14.18,14.18,14.18,12.93,14.510000000000002,11.82,12.3,13.25,7.41,7.89,10.32,1.2800000000000002,1.2800000000000002,7.34
2024-11-20,0.0,0.0,0.0,0.0,0.0,0.0,0.0,0.0,0.0,0.0,0.0,0.0,0.0,0.0,0.0,0.0,0.0,0.0,0.0,0.0
2024-11-21,0.0,0.0,0.0,0.0,0.0,0.0,0.0,0.0,0.0,0.0,0.0,0.0,0.0,0.0,0.0,0.0,0.0,0.0,0.0,0.0
2024-11-22,3.38,3.38,3.38,3.38,3.38,3.38,3.38,7.16,3.38,3.38,7.75,2.75,2.75,7.12,1.29,1.29,5.66,-0.92,-0.92,3.45
2024-11-23,0.0,0.0,0.0,0.0,0.0,0.0,0.0,0.0,0.0,0.0,0.0,0.0,0.0,0.0,0.0,0.0,0.0,0.0,0.0,0.0
2024-11-24,0.0,0.0,0.0,0.0,0.0,0.0,0.0,0.0,0.0,0.0,0.0,0.0,0.0,0.0,0.0,0.0,0.0,0.0,0.0,0.0
2024-11-25,7.86,7.86,7.86,7.86,7.86,7.86,7.86,7.86,7.86,6.57,11.64,5.36,6.640000000000001,11.01,2.42,3.71,9.54,0.22000000000000008,0.22000000000000008,8.59
2024-11-26,12.450000000000001,12.450000000000001,12.450000000000001,12.450000000000001,12.450000000000001,12.450000000000001,8.81,12.450000000000001,12.450000000000001,11.09,-4.3100000000000005,9.219999999999999,10.58,-5.559999999999999,4.8100000000000005,6.32,-8.5,-1.8000000000000003,-0.29999999999999993,-12.9
2024-11-27,0.0,0.0,0.0,0.0,0.0,0.0,0.0,0.0,0.0,0.0,0.0,0.0,0.0,0.0,0.0,0.0,0.0,0.0,0.0,0.0
2024-11-28,-18.92,-18.92,-18.92,-18.48,-19.619999999999997,-18.92,-18.92,-18.92,-18.92,-6.84,-18.92,-7.46,-18.92,-18.92,-8.93,-18.92,-18.92,-11.129999999999999,-18.92,-18.92
2024-11-29,0.0,0.0,0.0,0.0,0.0,0.0,0.0,0.0,0.0,0.0,0.0,0.0,0.0,0.0,0.0,0.0,0.0,0.0,0.0,0.0
2024-11-30,0.0,0.0,0.0,0.0,0.0,0.0,0.0,0.0,0.0,0.0,0.0,0.0,0.0,0.0,0.0,0.0,0.0,0.0,0.0,0.0
2024-12-01,0.0,0.0,0.0,0.0,0.0,0.0,0.0,0.0,0.0,0.0,0.0,0.0,0.0,0.0,0.0,0.0,0.0,0.0,0.0,0.0
2024-12-02,0.0,0.0,0.0,0.0,0.0,0.0,0.0,0.0,0.0,0.0,0.0,0.0,0.0,0.0,0.0,0.0,0.0,0.0,0.0,0.0
2024-12-03,4.19,4.19,4.19,4.19,4.19,4.19,4.19,4.19,4.19,4.19,5.99,3.56,3.56,5.36,2.09,2.09,3.89,-0.11,-0.11,1.69
2024-12-04,8.59,8.59,8.59,8.59,8.59,8.59,8.59,8.59,8.59,6.43,23.32,5.18,7.35,22.07,4.8100000000000005,4.8100000000000005,19.83,5.54,5.54,17.630000000000003
2024-12-05,0.0,0.0,0.0,0.0,0.0,0.0,0.0,0.0,0.0,0.0,0.0,0.0,0.0,0.0,0.0,0.0,0.0,0.0,0.0,0.0
2024-12-06,5.14,5.14,5.14,5.14,5.14,5.14,3.78,5.14,5.14,2.9,6.1,4.52,4.52,5.99,3.05,3.05,4.63,0.84,0.84,2.42
2024-12-07,0.0,0.0,0.0,0.0,0.0,0.0,0.0,0.0,0.0,0.0,0.0,0.0,0.0,0.0,0.0,0.0,0.0,0.0,0.0,0.0
2024-12-08,0.0,0.0,0.0,0.0,0.0,0.0,0.0,0.0,0.0,0.0,0.0,0.0,0.0,0.0,0.0,0.0,0.0,0.0,0.0,0.0
2024-12-09,0.0,0.0,0.0,0.0,0.0,0.0,0.0,0.0,0.0,0.0,0.0,0.0,0.0,0.0,0.0,0.0,0.0,0.0,0.0,0.0
2024-12-10,4.11,4.11,4.11,4.11,4.11,4.11,4.11,4.11,4.11,4.11,-16.39,3.49,3.49,-16.39,2.02,2.02,-16.39,-0.18,-0.18,-16.39
2024-12-11,0.0,0.0,0.0,0.0,0.0,0.0,0.0,0.0,0.0,0.0,0.0,0.0,0.0,0.0,0.0,0.0,0.0,0.0,0.0,0.0
2024-12-12,7.13,7.13,7.13,7.13,7.13,7.13,3.75,7.13,3.75,6.58,-4.56,5.87,5.87,-4.89,3.09,3.09,-6.359999999999999,0.7699999999999999,0.7699999999999999,-8.56
2024-12-13,3.4500000000000015,3.4500000000000015,3.4500000000000015,3.640000000000001,3.1200000000000014,12.49,3.4500000000000015,3.4500000000000015,3.4500000000000015,0.7300000000000013,5.289999999999999,1.5700000000000007,1.5700000000000007,4.040000000000001,-2.8299999999999983,-2.8299999999999983,3.1500000000000004,1.200000000000001,1.200000000000001,-0.03999999999999915
2024-12-14,0.0,0.0,0.0,0.0,0.0,0.0,0.0,0.0,0.0,0.0,0.0,0.0,0.0,0.0,0.0,0.0,0.0,0.0,0.0,0.0
2024-12-15,0.0,0.0,0.0,0.0,0.0,0.0,0.0,0.0,0.0,0.0,0.0,0.0,0.0,0.0,0.0,0.0,0.0,0.0,0.0,0.0
2024-12-16,0.0,0.0,0.0,0.0,0.0,0.0,0.0,0.0,0.0,0.0,0.0,0.0,0.0,0.0,0.0,0.0,0.0,0.0,0.0,0.0
2024-12-17,0.0,0.0,0.0,0.0,0.0,0.0,3.19,0.0,0.0,0.0,0.0,0.0,0.0,0.0,0.0,0.0,0.0,0.0,0.0,0.0
2024-12-18,3.82,3.82,3.82,3.82,3.82,3.82,3.82,3.82,3.82,2.57,-16.97,1.95,3.2,-16.97,0.48,1.98,-16.97,-0.22,-0.22,-16.97
2024-12-19,0.0,0.0,0.0,0.0,0.0,0.0,0.0,0.0,0.0,0.0,0.0,0.0,0.0,0.0,0.0,0.0,0.0,0.0,0.0,0.0
2024-12-20,3.53,3.53,3.53,3.53,3.53,3.53,3.53,3.53,3.53,1.91,10.83,1.29,2.9,10.21,-0.18,2.86,8.74,6.54,6.54,6.54
2024-12-21,0.0,0.0,0.0,0.0,0.0,0.0,0.0,0.0,0.0,0.0,0.0,0.0,0.0,0.0,0.0,0.0,0.0,0.0,0.0,0.0
2024-12-22,0.0,0.0,0.0,0.0,0.0,0.0,0.0,0.0,0.0,0.0,0.0,0.0,0.0,0.0,0.0,0.0,0.0,0.0,0.0,0.0
2024-12-23,0.0,0.0,0.0,0.0,0.0,0.0,0.0,0.0,0.0,0.0,0.0,0.0,0.0,0.0,0.0,0.0,0.0,0.0,0.0,0.0
2024-12-24,0.1499999999999999,0.1499999999999999,0.1499999999999999,0.33000000000000007,-0.1499999999999999,0.1499999999999999,0.1499999999999999,0.1499999999999999,3.6,3.49,2.17,2.24,-0.48,1.54,2.9799999999999995,0.07999999999999963,0.07999999999999963,-1.4399999999999997,-2.13,-2.13
2024-12-25,0.0,0.0,0.0,0.0,0.0,0.0,0.0,0.0,0.0,0.0,0.0,0.0,0.0,0.0,0.0,0.0,0.0,0.0,0.0,0.0
2024-12-26,7.640000000000001,7.640000000000001,7.640000000000001,7.640000000000001,7.640000000000001,7.640000000000001,7.640000000000001,7.640000000000001,7.640000000000001,5.7700000000000005,16.009999999999998,4.52,7.9,14.76,4.96,4.96,14.21,5.7700000000000005,5.7700000000000005,17.15
2024-12-27,9.58,9.58,9.58,9.58,9.58,0.0,9.58,9.58,9.58,9.58,9.58,8.96,8.96,8.96,7.49,7.49,7.49,10.87,10.87,10.87
2024-12-28,0.0,0.0,0.0,0.0,0.0,0.0,0.0,0.0,0.0,0.0,0.0,0.0,0.0,0.0,0.0,0.0,0.0,0.0,0.0,0.0
2024-12-29,0.0,0.0,0.0,0.0,0.0,0.0,0.0,0.0,0.0,0.0,0.0,0.0,0.0,0.0,0.0,0.0,0.0,0.0,0.0,0.0
2024-12-30,0.0,0.0,0.0,0.0,0.0,0.0,0.0,0.0,0.0,0.0,0.0,0.0,0.0,0.0,0.0,0.0,0.0,0.0,0.0,0.0
2024-12-31,0.0,0.0,0.0,0.0,0.0,0.0,0.0,0.0,0.0,0.0,0.0,0.0,0.0,0.0,0.0,0.0,0.0,0.0,0.0,0.0
2025-01-01,0.0,0.0,0.0,0.0,0.0,0.0,0.0,0.0,0.0,0.0,0.0,0.0,0.0,0.0,0.0,0.0,0.0,0.0,0.0,0.0
2025-01-02,12.08,12.08,12.08,12.08,12.08,12.08,12.08,12.08,12.08,6.53,21.08,7.67,10.76,19.21,3.27,6.35,18.95,1.1800000000000002,8.45,14.950000000000001
2025-01-03,0.0,0.0,0.0,0.0,0.0,0.0,0.0,0.0,0.0,0.0,0.0,0.0,0.0,0.0,0.0,0.0,0.0,0.0,0.0,0.0
2025-01-04,0.0,0.0,0.0,0.0,0.0,0.0,0.0,0.0,0.0,0.0,0.0,0.0,0.0,0.0,0.0,0.0,0.0,0.0,0.0,0.0
2025-01-05,0.0,0.0,0.0,0.0,0.0,0.0,0.0,0.0,0.0,0.0,0.0,0.0,0.0,0.0,0.0,0.0,0.0,0.0,0.0,0.0
2025-01-06,5.03,5.03,5.03,5.03,5.03,5.03,8.33,5.03,5.03,2.64,21.59,2.02,4.41,20.97,2.94,2.94,19.5,0.73,0.73,26.92
2025-01-07,0.0,0.0,0.0,0.0,0.0,0.0,0.0,0.0,0.0,0.0,0.0,0.0,0.0,0.0,0.0,0.0,0.0,0.0,0.0,0.0
2025-01-08,3.31,3.31,3.31,3.31,3.31,3.31,3.31,3.31,3.31,3.31,6.87,6.24,6.24,6.24,4.77,4.77,4.77,6.28,6.28,6.28
2025-01-09,-4.89,-4.89,-4.89,-4.52,-5.44,-4.89,-4.89,-4.89,-4.89,2.31,-4.89,1.69,-4.89,-4.89,0.81,-4.89,-4.89,-1.4,-4.89,-4.89
2025-01-10,0.0,0.0,0.0,0.0,0.0,0.0,0.0,0.0,0.0,0.0,0.0,0.0,0.0,0.0,0.0,0.0,0.0,0.0,0.0,0.0
2025-01-11,0.0,0.0,0.0,0.0,0.0,0.0,0.0,0.0,0.0,0.0,0.0,0.0,0.0,0.0,0.0,0.0,0.0,0.0,0.0,0.0
2025-01-12,0.0,0.0,0.0,0.0,0.0,0.0,0.0,0.0,0.0,0.0,0.0,0.0,0.0,0.0,0.0,0.0,0.0,0.0,0.0,0.0
2025-01-13,0.0,0.0,0.0,0.0,0.0,0.0,0.0,0.0,0.0,0.0,0.0,0.0,0.0,0.0,0.0,0.0,0.0,0.0,0.0,0.0
2025-01-14,0.0,0.0,0.0,0.0,0.0,0.0,0.0,0.0,0.0,0.0,0.0,0.0,0.0,0.0,0.0,0.0,0.0,0.0,0.0,0.0
2025-01-15,0.0,0.0,0.0,0.0,0.0,0.0,0.0,0.0,0.0,0.0,0.0,0.0,0.0,0.0,0.0,0.0,0.0,0.0,0.0,0.0
2025-01-16,0.0,0.0,0.0,0.0,0.0,0.0,0.0,0.0,0.0,0.0,0.0,0.0,0.0,0.0,0.0,0.0,0.0,0.0,0.0,0.0
2025-01-17,-12.75,-12.75,-12.75,-12.6,-12.93,-12.75,-12.75,-12.75,-12.75,-12.75,-12.75,-12.75,-12.75,-12.75,-12.75,-12.75,-12.75,-12.75,-12.75,-12.75
2025-01-18,0.0,0.0,0.0,0.0,0.0,0.0,0.0,0.0,0.0,0.0,0.0,0.0,0.0,0.0,0.0,0.0,0.0,0.0,0.0,0.0
2025-01-19,0.0,0.0,0.0,0.0,0.0,0.0,0.0,0.0,0.0,0.0,0.0,0.0,0.0,0.0,0.0,0.0,0.0,0.0,0.0,0.0
2025-01-20,5.14,5.14,5.14,5.14,5.14,5.14,0.0,5.14,5.14,5.14,7.12,4.52,4.52,6.5,3.05,3.05,5.03,6.76,6.76,6.76
2025-01-21,0.0,0.0,0.0,0.0,0.0,0.0,0.0,0.0,0.0,0.0,0.0,0.0,0.0,0.0,0.0,0.0,0.0,0.0,0.0,0.0
2025-01-22,0.0,0.0,0.0,0.0,0.0,0.0,0.0,0.0,0.0,0.0,0.0,0.0,0.0,0.0,0.0,0.0,0.0,0.0,0.0,0.0
2025-01-23,0.0,0.0,0.0,0.0,0.0,0.0,0.0,0.0,0.0,0.0,0.0,0.0,0.0,0.0,0.0,0.0,0.0,0.0,0.0,0.0
2025-01-24,9.48,9.48,9.48,9.48,9.48,9.48,9.48,9.48,9.48,4.3,11.17,3.05,8.22,9.91,1.47,5.29,6.98,5.18,5.18,5.18
2025-01-25,0.0,0.0,0.0,0.0,0.0,0.0,0.0,0.0,0.0,0.0,0.0,0.0,0.0,0.0,0.0,0.0,0.0,0.0,0.0,0.0
2025-01-26,0.0,0.0,0.0,0.0,0.0,0.0,0.0,0.0,0.0,0.0,0.0,0.0,0.0,0.0,0.0,0.0,0.0,0.0,0.0,0.0
2025-01-27,3.89,3.89,3.89,3.89,3.89,3.89,3.89,3.89,3.89,1.91,6.1,1.29,3.27,5.47,-0.18,1.8,4.0,-1.36,-0.4,13.07
2025-01-28,0.0,0.0,0.0,0.0,0.0,0.0,0.0,0.0,0.0,0.0,0.0,0.0,0.0,0.0,0.0,0.0,0.0,0.0,0.0,0.0
2025-01-29,0.0,0.0,0.0,0.0,0.0,0.0,0.0,0.0,0.0,0.0,0.0,0.0,0.0,0.0,0.0,0.0,0.0,0.0,0.0,0.0
2025-01-30,0.0,0.0,0.0,0.0,0.0,0.0,0.0,0.0,0.0,0.0,0.0,0.0,0.0,0.0,0.0,0.0,0.0,0.0,0.0,0.0
2025-01-31,7.34,7.34,7.34,7.34,7.34,7.34,7.34,7.34,7.34,1.65,7.34,6.72,6.72,6.72,5.25,5.25,5.25,3.05,3.05,3.05
2025-02-01,0.0,0.0,0.0,0.0,0.0,0.0,0.0,0.0,0.0,0.0,0.0,0.0,0.0,0.0,0.0,0.0,0.0,0.0,0.0,0.0
2025-02-02,0.0,0.0,0.0,0.0,0.0,0.0,0.0,0.0,0.0,0.0,0.0,0.0,0.0,0.0,0.0,0.0,0.0,0.0,0.0,0.0
2025-02-03,0.0,0.0,0.0,0.0,0.0,0.0,0.0,0.0,0.0,0.0,0.0,0.0,0.0,0.0,0.0,0.0,0.0,0.0,0.0,0.0
2025-02-04,0.0,0.0,0.0,0.0,0.0,0.0,0.0,0.0,0.0,0.0,0.0,0.0,0.0,0.0,0.0,0.0,0.0,0.0,0.0,0.0
2025-02-05,5.1,5.1,5.1,5.1,5.1,5.1,5.1,5.1,5.1,2.24,6.17,1.62,4.48,5.55,0.15,4.08,4.08,-2.06,1.87,1.87
2025-02-06,3.45,3.45,3.45,3.45,3.45,3.45,3.45,3.45,3.45,2.83,-7.24,2.2,2.83,-7.24,2.02,2.02,-7.24,-0.18,-0.18,-7.24
2025-02-07,5.73,5.73,5.73,5.73,5.73,5.73,5.73,5.73,5.73,2.68,5.73,2.06,8.01,8.01,0.59,6.54,6.54,4.33,4.33,4.33
2025-02-08,0.0,0.0,0.0,0.0,0.0,0.0,0.0,0.0,0.0,0.0,0.0,0.0,0.0,0.0,0.0,0.0,0.0,0.0,0.0,0.0
2025-02-09,0.0,0.0,0.0,0.0,0.0,0.0,0.0,0.0,0.0,0.0,0.0,0.0,0.0,0.0,0.0,0.0,0.0,0.0,0.0,0.0
2025-02-10,0.0,0.0,0.0,0.0,0.0,0.0,0.0,0.0,0.0,0.0,0.0,0.0,0.0,0.0,0.0,0.0,0.0,0.0,0.0,0.0
2025-02-11,-47.61,-47.61,-47.61,-46.7,-48.97,-47.61,-47.61,-47.61,-47.61,3.75,-47.61,2.5,-47.61,-47.61,-0.44,-47.61,-47.61,-4.85,-47.61,-47.61
2025-02-12,3.31,3.31,3.31,3.31,3.31,3.31,3.31,3.31,3.31,1.8,8.26,1.18,2.68,7.64,-0.29,1.21,6.17,-2.5,3.97,3.97
2025-02-13,0.0,0.0,0.0,0.0,0.0,0.0,0.0,0.0,0.0,0.0,0.0,0.0,0.0,0.0,0.0,0.0,0.0,0.0,0.0,0.0
2025-02-14,-19.869999999999997,-19.869999999999997,-19.869999999999997,-19.11,-20.97,-19.869999999999997,-19.869999999999997,-19.869999999999997,-19.869999999999997,3.34,-19.869999999999997,2.1,-19.869999999999997,-19.869999999999997,-0.29,-19.869999999999997,-19.869999999999997,-4.7,-19.869999999999997,-19.869999999999997
2025-02-15,0.0,0.0,0.0,0.0,0.0,0.0,0.0,0.0,0.0,0.0,0.0,0.0,0.0,0.0,0.0,0.0,0.0,0.0,0.0,0.0
2025-02-16,0.0,0.0,0.0,0.0,0.0,0.0,0.0,0.0,0.0,0.0,0.0,0.0,0.0,0.0,0.0,0.0,0.0,0.0,0.0,0.0
2025-02-17,0.0,0.0,0.0,0.0,0.0,0.0,0.0,0.0,0.0,0.0,0.0,0.0,0.0,0.0,0.0,0.0,0.0,0.0,0.0,0.0
2025-02-18,0.0,0.0,0.0,0.0,0.0,0.0,0.0,0.0,0.0,0.0,0.0,0.0,0.0,0.0,0.0,0.0,0.0,0.0,0.0,0.0
2025-02-19,3.67,3.67,3.67,3.67,3.67,3.67,3.67,3.67,3.67,1.62,-22.67,0.99,3.05,-22.67,-0.48,1.58,-22.67,-0.62,-0.62,-22.67
2025-02-20,6.720000000000001,6.720000000000001,6.720000000000001,6.720000000000001,6.720000000000001,6.720000000000001,0.0,6.720000000000001,6.720000000000001,6.720000000000001,11.27,5.47,5.47,10.620000000000001,2.54,2.54,7.68,-1.8800000000000001,-1.8800000000000001,13.48
2025-02-21,8.48,8.48,8.48,8.48,8.48,8.48,8.48,8.48,8.48,8.48,8.48,7.86,7.86,7.86,6.39,6.39,6.39,4.19,4.19,4.19
2025-02-22,0.0,0.0,0.0,0.0,0.0,0.0,0.0,0.0,0.0,0.0,0.0,0.0,0.0,0.0,0.0,0.0,0.0,0.0,0.0,0.0
2025-02-23,0.0,0.0,0.0,0.0,0.0,0.0,0.0,0.0,0.0,0.0,0.0,0.0,0.0,0.0,0.0,0.0,0.0,0.0,0.0,0.0
2025-02-24,3.53,3.53,3.53,3.53,3.53,3.53,3.53,3.53,3.53,2.06,6.94,1.43,2.9,6.32,0.92,1.43,4.85,-1.29,-0.33,4.0
2025-02-25,3.75,3.75,3.75,3.75,3.75,3.75,3.75,3.75,3.75,2.28,6.54,5.91,5.91,5.91,6.28,6.28,6.28,6.57,6.57,6.57
2025-02-26,-11.32,-11.32,-11.32,-10.98,-11.790000000000001,-11.32,-11.32,-11.32,-11.32,-12.28,-8.64,-12.9,-10.29,-9.27,-11.76,-11.76,-10.73,-13.97,-13.97,-9.71
2025-02-27,4.48,4.48,4.48,4.48,4.48,4.48,4.48,4.48,4.48,2.68,7.05,2.06,3.86,6.43,7.53,7.53,7.53,5.32,5.32,5.32
2025-02-28,-4.12,-4.12,-4.12,-3.8999999999999995,-4.4799999999999995,-4.12,-0.41000000000000014,-4.12,-4.12,-5.92,-1.33,-4.74,-4.74,-1.9500000000000002,-6.21,-6.21,-2.3900000000000006,-8.41,-8.41,-4.6
2025-03-01,0.0,0.0,0.0,0.0,0.0,0.0,0.0,0.0,0.0,0.0,0.0,0.0,0.0,0.0,0.0,0.0,0.0,0.0,0.0,0.0
2025-03-02,0.0,0.0,0.0,0.0,0.0,0.0,0.0,0.0,0.0,0.0,0.0,0.0,0.0,0.0,0.0,0.0,0.0,0.0,0.0,0.0
2025-03-03,0.0,0.0,0.0,0.0,0.0,0.0,3.56,0.0,0.0,0.0,0.0,0.0,0.0,0.0,0.0,0.0,0.0,0.0,0.0,0.0
2025-03-04,-12.82,-12.82,-12.82,-12.53,-13.3,-12.82,-12.82,-12.82,-12.82,3.01,-12.82,2.39,-12.82,-12.82,0.92,-12.82,-12.82,-1.14,-12.82,-12.82
2025-03-05,0.0,0.0,0.0,0.0,0.0,0.0,0.0,0.0,0.0,0.0,0.0,0.0,0.0,0.0,0.0,0.0,0.0,0.0,0.0,0.0
2025-03-06,0.0,0.0,0.0,0.0,0.0,0.0,0.0,0.0,0.0,0.0,0.0,0.0,0.0,0.0,0.0,0.0,0.0,0.0,0.0,0.0
2025-03-07,0.0,0.0,0.0,0.0,0.0,0.0,0.0,0.0,0.0,0.0,0.0,0.0,0.0,0.0,0.0,0.0,0.0,0.0,0.0,0.0
2025-03-08,0.0,0.0,0.0,0.0,0.0,0.0,0.0,0.0,0.0,0.0,0.0,0.0,0.0,0.0,0.0,0.0,0.0,0.0,0.0,0.0
2025-03-09,0.0,0.0,0.0,0.0,0.0,0.0,0.0,0.0,0.0,0.0,0.0,0.0,0.0,0.0,0.0,0.0,0.0,0.0,0.0,0.0
2025-03-10,0.0,0.0,0.0,0.0,0.0,0.0,3.93,0.0,0.0,0.0,0.0,0.0,0.0,0.0,0.0,0.0,0.0,0.0,0.0,0.0
2025-03-11,3.45,3.45,3.45,3.45,3.45,3.45,3.45,3.45,3.45,2.68,5.95,2.06,2.83,5.32,0.59,1.98,3.86,-1.62,-0.22,17.88
2025-03-12,0.0,0.0,0.0,0.0,0.0,0.0,0.0,0.0,0.0,0.0,0.0,0.0,0.0,0.0,0.0,0.0,0.0,0.0,0.0,0.0
2025-03-13,4.08,4.08,4.08,4.08,4.08,4.08,4.08,4.08,4.08,2.31,-8.19,1.69,3.45,-8.19,0.22,1.98,-8.19,-1.98,0.11,-8.19
2025-03-14,-5.4,-5.4,-5.4,-5.109999999999999,9.040000000000001,-5.4,-5.4,-5.4,-5.4,-8.63,-2.870000000000001,-9.110000000000001,-6.03,-3.49,-2.9800000000000004,-2.9800000000000004,-2.9800000000000004,-5.11,-5.11,-5.11
2025-03-15,0.0,0.0,0.0,0.0,0.0,0.0,0.0,0.0,0.0,0.0,0.0,0.0,0.0,0.0,0.0,0.0,0.0,0.0,0.0,0.0
2025-03-16,0.0,0.0,0.0,0.0,0.0,0.0,0.0,0.0,0.0,0.0,0.0,0.0,0.0,0.0,0.0,0.0,0.0,0.0,0.0,0.0
2025-03-17,0.0,0.0,0.0,0.0,0.0,0.0,0.0,0.0,0.0,0.0,0.0,0.0,0.0,0.0,0.0,0.0,0.0,0.0,0.0,0.0
2025-03-18,0.0,0.0,0.0,0.0,0.0,0.0,0.0,0.0,0.0,0.0,0.0,0.0,0.0,0.0,0.0,0.0,0.0,0.0,0.0,0.0
2025-03-19,0.0,0.0,0.0,0.0,0.0,0.0,-37.07,0.0,0.0,0.0,0.0,0.0,0.0,0.0,0.0,0.0,0.0,0.0,0.0,0.0
2025-03-20,0.0,0.0,0.0,0.0,0.0,0.0,0.0,0.0,0.0,0.0,0.0,0.0,0.0,0.0,0.0,0.0,0.0,0.0,0.0,0.0
2025-03-21,0.0,0.0,0.0,0.0,0.0,0.0,0.0,0.0,0.0,0.0,0.0,0.0,0.0,0.0,0.0,0.0,0.0,0.0,0.0,0.0
2025-03-22,0.0,0.0,0.0,0.0,0.0,0.0,0.0,0.0,0.0,0.0,0.0,0.0,0.0,0.0,0.0,0.0,0.0,0.0,0.0,0.0
2025-03-23,0.0,0.0,0.0,0.0,0.0,0.0,0.0,0.0,0.0,0.0,0.0,0.0,0.0,0.0,0.0,0.0,0.0,0.0,0.0,0.0
2025-03-24,0.0,0.0,0.0,0.0,0.0,3.3,0.0,0.0,0.0,0.0,0.0,0.0,0.0,0.0,0.0,0.0,0.0,0.0,0.0,0.0
2025-03-25,0.0,0.0,0.0,0.0,0.0,0.0,0.0,0.0,0.0,0.0,0.0,0.0,0.0,0.0,0.0,0.0,0.0,0.0,0.0,0.0
2025-03-26,0.0,0.0,0.0,0.0,0.0,0.0,0.0,0.0,0.0,0.0,0.0,0.0,0.0,0.0,0.0,0.0,0.0,0.0,0.0,0.0
2025-03-27,0.0,0.0,0.0,0.0,0.0,0.0,0.0,0.0,0.0,0.0,0.0,0.0,0.0,0.0,0.0,0.0,0.0,0.0,0.0,0.0
2025-03-28,3.31,3.31,3.31,3.31,3.31,3.31,3.45,3.31,3.31,2.83,6.61,2.68,2.68,5.99,1.21,1.21,4.63,2.42,2.42,2.42
2025-03-29,0.0,0.0,0.0,0.0,0.0,0.0,0.0,0.0,0.0,0.0,0.0,0.0,0.0,0.0,0.0,0.0,0.0,0.0,0.0,0.0
2025-03-30,0.0,0.0,0.0,0.0,0.0,0.0,0.0,0.0,0.0,0.0,0.0,0.0,0.0,0.0,0.0,0.0,0.0,0.0,0.0,0.0
2025-03-31,0.0,0.0,0.0,0.0,0.0,0.0,0.0,0.0,0.0,0.0,0.0,0.0,0.0,0.0,0.0,0.0,0.0,0.0,0.0,0.0
2025-04-01,14.69,14.69,14.69,14.69,14.69,14.69,14.69,14.69,14.69,11.68,-28.619999999999997,9.809999999999999,12.82,-28.95,5.4,8.41,-30.419999999999998,11.31,14.32,-28.4
2025-04-02,3.64,3.64,3.64,3.64,3.64,3.64,3.64,3.64,3.64,3.64,9.77,3.01,3.01,9.14,1.54,1.54,7.68,-0.66,-0.66,5.47
2025-04-03,6.46,6.46,6.46,6.46,6.46,6.46,0.0,6.46,6.46,6.46,6.46,5.84,5.84,5.84,4.37,4.37,4.37,13.51,13.51,13.51
2025-04-04,16.12,16.12,16.12,16.12,16.12,16.12,16.12,16.12,16.12,4.63,17.880000000000003,3.38,14.879999999999999,16.64,0.43999999999999995,11.940000000000001,21.05,5.72,8.18,17.29
2025-04-05,0.0,0.0,0.0,0.0,0.0,0.0,0.0,0.0,0.0,0.0,0.0,0.0,0.0,0.0,0.0,0.0,0.0,0.0,0.0,0.0
2025-04-06,0.0,0.0,0.0,0.0,0.0,0.0,0.0,0.0,0.0,0.0,0.0,0.0,0.0,0.0,0.0,0.0,0.0,0.0,0.0,0.0
2025-04-07,0.0,0.0,0.0,0.0,0.0,0.0,4.85,0.0,0.0,0.0,0.0,0.0,0.0,0.0,0.0,0.0,0.0,0.0,0.0,0.0
2025-04-08,0.0,0.0,0.0,0.0,0.0,0.0,-20.91,0.0,0.0,0.0,0.0,0.0,0.0,0.0,0.0,0.0,0.0,0.0,0.0,0.0
2025-04-09,0.0,0.0,0.0,0.0,0.0,0.0,0.0,0.0,0.0,0.0,0.0,0.0,0.0,0.0,0.0,0.0,0.0,0.0,0.0,0.0
2025-04-10,0.0,0.0,0.0,0.0,0.0,0.0,0.0,0.0,0.0,0.0,0.0,0.0,0.0,0.0,0.0,0.0,0.0,0.0,0.0,0.0
2025-04-11,4.04,4.04,4.04,4.04,4.04,4.04,4.04,4.04,4.04,4.04,11.42,3.42,3.42,10.8,1.95,1.95,9.33,-0.26,-0.26,7.12
2025-04-12,0.0,0.0,0.0,0.0,0.0,0.0,0.0,0.0,0.0,0.0,0.0,0.0,0.0,0.0,0.0,0.0,0.0,0.0,0.0,0.0
2025-04-13,0.0,0.0,0.0,0.0,0.0,0.0,0.0,0.0,0.0,0.0,0.0,0.0,0.0,0.0,0.0,0.0,0.0,0.0,0.0,0.0
2025-04-14,0.0,0.0,0.0,0.0,0.0,0.0,0.0,0.0,0.0,0.0,0.0,0.0,0.0,0.0,0.0,0.0,0.0,0.0,0.0,0.0
2025-04-15,0.0,0.0,0.0,0.0,0.0,0.0,0.0,0.0,0.0,0.0,0.0,0.0,0.0,0.0,0.0,0.0,0.0,0.0,0.0,0.0
2025-04-16,0.0,0.0,0.0,0.0,0.0,0.0,0.0,0.0,0.0,0.0,0.0,0.0,0.0,0.0,0.0,0.0,0.0,0.0,0.0,0.0
2025-04-17,7.78,7.78,7.78,7.78,7.78,7.78,0.0,7.78,7.78,2.28,7.78,1.65,7.16,7.16,0.18,15.17,15.17,-2.02,12.96,12.96
2025-04-18,0.0,0.0,0.0,0.0,0.0,0.0,0.0,0.0,0.0,0.0,0.0,0.0,0.0,0.0,0.0,0.0,0.0,0.0,0.0,0.0
2025-04-19,0.0,0.0,0.0,0.0,0.0,0.0,0.0,0.0,0.0,0.0,0.0,0.0,0.0,0.0,0.0,0.0,0.0,0.0,0.0,0.0
2025-04-20,0.0,0.0,0.0,0.0,0.0,0.0,0.0,0.0,0.0,0.0,0.0,0.0,0.0,0.0,0.0,0.0,0.0,0.0,0.0,0.0
2025-04-21,0.0,0.0,0.0,0.0,0.0,0.0,0.0,0.0,0.0,0.0,0.0,0.0,0.0,0.0,0.0,0.0,0.0,0.0,0.0,0.0
2025-04-22,7.38,7.38,7.38,7.38,7.38,7.38,7.38,7.38,7.38,7.38,7.38,6.76,6.76,6.76,16.38,16.38,16.38,14.18,14.18,14.18
2025-04-23,15.64,15.64,15.64,15.64,15.64,15.64,12.41,15.64,15.64,11.71,20.75,9.850000000000001,13.780000000000001,18.880000000000003,5.4399999999999995,9.370000000000001,14.469999999999999,-1.1800000000000002,2.7399999999999998,7.85
2025-04-24,0.0,0.0,0.0,0.0,0.0,0.0,0.0,0.0,0.0,0.0,0.0,0.0,0.0,0.0,0.0,0.0,0.0,0.0,0.0,0.0
2025-04-25,0.0,0.0,0.0,0.0,0.0,0.0,0.0,0.0,0.0,0.0,0.0,0.0,0.0,0.0,0.0,0.0,0.0,0.0,0.0,0.0
2025-04-26,0.0,0.0,0.0,0.0,0.0,0.0,0.0,0.0,0.0,0.0,0.0,0.0,0.0,0.0,0.0,0.0,0.0,0.0,0.0,0.0
2025-04-27,0.0,0.0,0.0,0.0,0.0,0.0,0.0,0.0,0.0,0.0,0.0,0.0,0.0,0.0,0.0,0.0,0.0,0.0,0.0,0.0
2025-04-28,0.0,0.0,0.0,0.0,0.0,0.0,0.0,0.0,0.0,0.0,0.0,0.0,0.0,0.0,0.0,0.0,0.0,0.0,0.0,0.0
2025-04-29,0.0,0.0,0.0,0.0,0.0,0.0,0.0,0.0,0.0,0.0,0.0,0.0,0.0,0.0,0.0,0.0,0.0,0.0,0.0,0.0
2025-04-30,0.0,0.0,0.0,0.0,0.0,0.0,0.0,0.0,0.0,0.0,0.0,0.0,0.0,0.0,0.0,0.0,0.0,0.0,0.0,0.0
2025-05-01,0.0,0.0,0.0,0.0,0.0,0.0,0.0,0.0,0.0,0.0,0.0,0.0,0.0,0.0,0.0,0.0,0.0,0.0,0.0,0.0
2025-05-02,17.29,17.29,17.29,17.29,17.29,17.29,-19.82,17.29,17.29,17.29,19.02,16.05,16.05,17.77,13.11,13.11,14.84,10.43,10.43,10.43
2025-05-03,0.0,0.0,0.0,0.0,0.0,0.0,0.0,0.0,0.0,0.0,0.0,0.0,0.0,0.0,0.0,0.0,0.0,0.0,0.0,0.0
2025-05-04,0.0,0.0,0.0,0.0,0.0,0.0,0.0,0.0,0.0,0.0,0.0,0.0,0.0,0.0,0.0,0.0,0.0,0.0,0.0,0.0
2025-05-05,7.64,7.64,7.64,7.64,7.64,7.64,7.64,7.64,7.64,2.5,7.64,1.87,7.01,7.01,17.11,17.11,17.11,14.91,14.91,14.91
2025-05-06,9.84,9.84,9.84,9.84,9.84,9.84,9.84,9.84,9.84,1.65,9.84,1.03,9.22,9.22,-0.44,7.75,7.75,-2.65,5.55,5.55
2025-05-07,0.0,0.0,0.0,0.0,0.0,7.82,0.0,0.0,0.0,0.0,0.0,0.0,0.0,0.0,0.0,0.0,0.0,0.0,0.0,0.0
2025-05-08,13.48,13.48,13.48,13.48,13.48,13.48,19.28,13.48,13.48,13.48,13.48,12.85,12.85,12.85,11.38,11.38,11.38,9.18,9.18,9.18
2025-05-09,0.0,0.0,0.0,0.0,0.0,0.0,-30.54,0.0,0.0,0.0,0.0,0.0,0.0,0.0,0.0,0.0,0.0,0.0,0.0,0.0
2025-05-10,0.0,0.0,0.0,0.0,0.0,0.0,0.0,0.0,0.0,0.0,0.0,0.0,0.0,0.0,0.0,0.0,0.0,0.0,0.0,0.0
2025-05-11,5.21,5.21,5.21,5.21,5.21,5.21,5.21,5.21,5.21,5.21,13.4,4.59,4.59,12.78,3.12,3.12,11.31,9.11,9.11,9.11
2025-05-12,-40.519999999999996,-40.519999999999996,-40.519999999999996,-39.64,-41.849999999999994,-40.519999999999996,-40.519999999999996,-40.519999999999996,-40.519999999999996,9.219999999999999,-40.519999999999996,7.97,-41.15,-41.15,5.03,-42.62,-42.62,0.6200000000000001,-44.82,-44.82
2025-05-13,0.0,0.0,0.0,0.0,0.0,0.0,0.0,0.0,0.0,0.0,0.0,0.0,0.0,0.0,0.0,0.0,0.0,0.0,0.0,0.0
2025-05-14,0.0,0.0,0.0,0.0,0.0,0.0,0.0,0.0,0.0,0.0,0.0,0.0,0.0,0.0,0.0,0.0,0.0,0.0,0.0,0.0
2025-05-15,8.629999999999999,8.629999999999999,8.629999999999999,8.629999999999999,8.629999999999999,8.629999999999999,8.629999999999999,8.629999999999999,8.629999999999999,8.629999999999999,-6.550000000000001,7.38,7.38,-7.170000000000001,4.4399999999999995,4.4399999999999995,-4.49,0.77,0.77,-6.690000000000001
2025-05-16,4.77,4.77,4.77,4.77,4.77,4.77,4.77,4.77,0.0,4.77,7.27,4.15,4.15,6.65,2.68,2.68,5.18,0.48,0.48,12.49
2025-05-17,0.0,0.0,0.0,0.0,0.0,0.0,0.0,0.0,0.0,0.0,0.0,0.0,0.0,0.0,0.0,0.0,0.0,0.0,0.0,0.0
2025-05-18,0.0,0.0,0.0,0.0,0.0,0.0,0.0,0.0,0.0,0.0,0.0,0.0,0.0,0.0,0.0,0.0,0.0,0.0,0.0,0.0
2025-05-19,0.0,0.0,0.0,0.0,0.0,0.0,0.0,0.0,0.0,0.0,0.0,0.0,0.0,0.0,0.0,0.0,0.0,0.0,0.0,0.0
2025-05-20,4.3,4.3,4.3,4.3,4.3,4.3,4.3,4.3,4.3,4.3,8.23,4.74,4.74,7.6,3.27,3.27,7.31,1.06,1.06,5.1
2025-05-21,0.0,0.0,0.0,0.0,0.0,0.0,5.03,0.0,0.0,0.0,0.0,0.0,0.0,0.0,0.0,0.0,0.0,0.0,0.0,0.0
2025-05-22,0.0,0.0,0.0,0.0,0.0,0.0,8.48,3.97,0.0,0.0,0.0,0.0,0.0,0.0,0.0,0.0,0.0,0.0,0.0,0.0
2025-05-23,0.0,0.0,0.0,0.0,0.0,0.0,0.0,0.0,0.0,0.0,0.0,0.0,0.0,0.0,0.0,0.0,0.0,0.0,0.0,0.0
2025-05-24,0.0,0.0,0.0,0.0,0.0,0.0,0.0,0.0,0.0,0.0,0.0,0.0,0.0,0.0,0.0,0.0,0.0,0.0,0.0,0.0
2025-05-25,0.0,0.0,0.0,0.0,0.0,0.0,0.0,0.0,0.0,0.0,0.0,0.0,0.0,0.0,0.0,0.0,0.0,0.0,0.0,0.0
2025-05-26,4.52,4.52,4.52,4.52,4.52,4.52,4.52,4.52,4.52,4.52,8.04,3.89,3.89,7.42,2.42,2.42,5.95,0.22,0.22,3.75
2025-05-27,11.31,11.31,11.31,11.31,11.31,11.31,9.29,11.31,11.31,11.31,11.31,14.8,14.8,14.8,13.33,13.33,13.33,11.13,11.13,11.13
2025-05-28,5.84,5.84,5.84,5.84,5.84,5.84,5.84,5.84,5.84,2.06,5.84,1.43,5.21,5.21,-0.04,4.99,4.99,-2.24,2.79,2.79
2025-05-29,-8.45,-8.45,-8.45,-8.05,-9.04,-8.45,-12.049999999999999,-8.45,-8.45,-12.02,1.1000000000000014,-12.79,-1.9199999999999986,0.4700000000000015,-15.719999999999999,-3.379999999999999,-0.9999999999999987,-17.74,-3.199999999999999,-3.199999999999999
2025-05-30,0.0,0.0,0.0,0.0,0.0,0.0,0.0,0.0,0.0,0.0,0.0,0.0,0.0,0.0,0.0,0.0,0.0,0.0,0.0,0.0
2025-05-31,0.0,0.0,0.0,0.0,0.0,0.0,0.0,0.0,0.0,0.0,0.0,0.0,0.0,0.0,0.0,0.0,0.0,0.0,0.0,0.0
2025-06-01,0.0,0.0,0.0,0.0,0.0,0.0,0.0,0.0,0.0,0.0,0.0,0.0,0.0,0.0,0.0,0.0,0.0,0.0,0.0,0.0
2025-06-02,3.64,3.64,3.64,3.64,3.64,3.64,3.64,3.64,3.64,3.64,7.97,3.01,3.01,7.34,1.54,1.54,5.88,6.02,6.02,6.02
2025-06-03,0.0,0.0,0.0,0.0,0.0,0.0,0.0,0.0,0.0,0.0,0.0,0.0,0.0,0.0,0.0,0.0,0.0,0.0,0.0,0.0
2025-06-04,4.41,4.41,4.41,4.41,4.41,4.41,4.41,4.41,4.41,2.57,6.79,1.95,3.78,6.17,0.48,2.31,4.7,0.11,0.11,3.23
2025-06-05,8.66,8.66,8.66,8.66,8.66,8.66,8.66,8.66,8.66,8.66,19.09,7.42,7.42,17.85,4.48,4.48,14.91,0.07999999999999996,0.07999999999999996,10.65
2025-06-06,0.0,0.0,0.0,0.0,0.0,0.0,0.0,0.0,0.0,0.0,0.0,0.0,0.0,0.0,0.0,0.0,0.0,0.0,0.0,0.0
2025-06-07,0.0,0.0,0.0,0.0,0.0,0.0,0.0,0.0,0.0,0.0,0.0,0.0,0.0,0.0,0.0,0.0,0.0,0.0,0.0,0.0
2025-06-08,0.0,0.0,0.0,0.0,0.0,0.0,0.0,0.0,0.0,0.0,0.0,0.0,0.0,0.0,0.0,0.0,0.0,0.0,0.0,0.0
2025-06-09,9.91,9.91,9.91,9.91,9.91,9.91,13.29,9.91,9.91,7.97,12.04,6.72,8.67,10.8,4.48,10.469999999999999,10.469999999999999,7.34,14.36,14.36
2025-06-10,0.0,0.0,0.0,0.0,0.0,0.0,0.0,0.0,0.0,0.0,0.0,0.0,0.0,0.0,0.0,0.0,0.0,0.0,0.0,0.0
2025-06-11,0.0,0.0,0.0,0.0,0.0,0.0,0.0,0.0,0.0,0.0,0.0,0.0,0.0,0.0,0.0,0.0,0.0,0.0,0.0,0.0
2025-06-12,9.54,9.54,9.54,9.54,9.54,9.54,9.54,9.54,9.54,6.35,14.1,5.109999999999999,8.3,12.85,2.68,5.87,19.6,-1.7299999999999998,1.4700000000000002,19.310000000000002
2025-06-13,3.82,3.82,3.82,3.82,3.82,3.82,3.82,3.82,3.82,3.82,5.84,3.19,3.19,5.21,3.75,3.75,3.75,1.54,1.54,1.54
2025-06-14,0.0,0.0,0.0,0.0,0.0,0.0,0.0,0.0,0.0,0.0,0.0,0.0,0.0,0.0,0.0,0.0,0.0,0.0,0.0,0.0
2025-06-15,0.0,0.0,0.0,0.0,0.0,0.0,0.0,0.0,0.0,0.0,0.0,0.0,0.0,0.0,0.0,0.0,0.0,0.0,0.0,0.0
2025-06-16,4.33,4.33,4.33,4.33,4.33,4.33,4.33,4.33,4.33,4.33,7.34,3.71,3.71,6.72,2.24,2.24,5.25,0.04,0.04,3.05
2025-06-17,3.6,3.6,3.6,3.6,3.6,3.6,3.6,3.6,3.6,3.6,6.24,2.97,2.97,5.62,1.51,1.51,4.15,1.95,1.95,1.95
2025-06-18,0.0,0.0,0.0,0.0,0.0,0.0,3.34,0.0,0.0,0.0,0.0,0.0,0.0,0.0,0.0,0.0,0.0,0.0,0.0,0.0
2025-06-19,0.0,0.0,0.0,0.0,0.0,0.0,0.0,0.0,0.0,0.0,0.0,0.0,0.0,0.0,0.0,0.0,0.0,0.0,0.0,0.0
2025-06-20,0.0,0.0,0.0,0.0,0.0,0.0,0.0,0.0,0.0,0.0,0.0,0.0,0.0,0.0,0.0,0.0,0.0,0.0,0.0,0.0
2025-06-21,0.0,0.0,0.0,0.0,0.0,0.0,0.0,0.0,0.0,0.0,0.0,0.0,0.0,0.0,0.0,0.0,0.0,0.0,0.0,0.0
2025-06-22,0.0,0.0,0.0,0.0,0.0,0.0,0.0,0.0,0.0,0.0,0.0,0.0,0.0,0.0,0.0,0.0,0.0,0.0,0.0,0.0
2025-06-23,10.61,10.61,10.61,10.61,10.61,10.61,10.61,10.61,10.61,10.61,10.61,9.99,9.99,9.99,8.52,8.52,8.52,6.32,6.32,6.32
2025-06-24,-52.160000000000004,-52.160000000000004,-52.160000000000004,-51.32,-53.410000000000004,-52.160000000000004,-52.160000000000004,-52.160000000000004,-52.160000000000004,7.48,-77.79,5.62,-53.400000000000006,-77.64,1.21,-56.34,-79.11000000000001,-4.91,-60.74,-81.31
2025-06-25,0.0,0.0,0.0,0.0,0.0,0.0,0.0,0.0,0.0,0.0,0.0,0.0,0.0,0.0,0.0,0.0,0.0,0.0,0.0,0.0
2025-06-26,9.55,9.55,9.55,9.55,9.55,9.55,9.55,9.55,9.55,9.55,9.55,8.92,8.92,8.92,7.45,7.45,7.45,5.25,5.25,5.25
2025-06-27,12.85,12.85,12.85,12.85,12.85,12.85,12.85,12.85,12.85,10.65,-13.04,9.399999999999999,11.61,-13.66,14.22,16.42,-7.379999999999999,9.799999999999999,12.01,-9.59
2025-06-28,0.0,0.0,0.0,0.0,0.0,0.0,0.0,0.0,0.0,0.0,0.0,0.0,0.0,0.0,0.0,0.0,0.0,0.0,0.0,0.0
2025-06-29,0.0,0.0,0.0,0.0,0.0,0.0,0.0,0.0,0.0,0.0,0.0,0.0,0.0,0.0,0.0,0.0,0.0,0.0,0.0,0.0
2025-06-30,-4.52,-4.52,-4.52,-4.15,-5.109999999999999,-4.52,-4.52,-4.52,-4.52,-4.52,-1.9499999999999993,-5.14,-5.14,-2.5699999999999994,-6.609999999999999,-6.609999999999999,-2.5299999999999994,-8.809999999999999,-8.809999999999999,-4.739999999999999
2025-07-01,-13.3,-13.3,-13.3,-12.97,-13.81,-13.3,-13.3,-13.3,-13.3,2.35,-13.3,1.73,-13.3,-13.3,0.26,-13.3,-13.3,-1.95,-13.3,-13.3
2025-07-02,0.0,0.0,0.0,0.0,0.0,0.0,0.0,0.0,0.0,0.0,0.0,0.0,0.0,0.0,0.0,0.0,0.0,0.0,0.0,0.0
2025-07-03,0.0,0.0,0.0,0.0,0.0,0.0,0.0,0.0,0.0,0.0,0.0,0.0,0.0,0.0,0.0,0.0,0.0,0.0,0.0,0.0
2025-07-04,0.0,0.0,0.0,0.0,0.0,0.0,0.0,0.0,0.0,0.0,0.0,0.0,0.0,0.0,0.0,0.0,0.0,0.0,0.0,0.0
2025-07-05,0.0,0.0,0.0,0.0,0.0,0.0,0.0,0.0,0.0,0.0,0.0,0.0,0.0,0.0,0.0,0.0,0.0,0.0,0.0,0.0
2025-07-06,0.0,0.0,0.0,0.0,0.0,0.0,0.0,0.0,0.0,0.0,0.0,0.0,0.0,0.0,0.0,0.0,0.0,0.0,0.0,0.0
2025-07-07,4.15,4.15,4.15,4.15,4.15,4.15,4.15,4.15,4.15,1.87,6.35,1.25,5.73,5.73,-0.22,4.26,4.26,-2.42,2.06,2.06
2025-07-08,4.15,4.15,4.15,4.15,4.15,4.15,4.15,4.15,4.15,2.53,6.32,1.91,3.53,5.69,0.44,7.68,7.68,5.47,5.47,5.47
2025-07-09,3.53,3.53,3.53,3.53,3.53,3.53,3.53,3.53,3.53,2.13,5.44,1.51,2.9,4.81,3.34,3.34,3.34,1.14,1.14,1.14
2025-07-10,0.0,0.0,0.0,0.0,0.0,0.0,0.0,0.0,0.0,0.0,0.0,0.0,0.0,0.0,0.0,0.0,0.0,0.0,0.0,0.0
2025-07-11,0.0,0.0,0.0,0.0,0.0,0.0,0.0,0.0,0.0,0.0,0.0,0.0,0.0,0.0,0.0,0.0,0.0,0.0,0.0,0.0
2025-07-12,0.0,0.0,0.0,0.0,0.0,0.0,0.0,0.0,0.0,0.0,0.0,0.0,0.0,0.0,0.0,0.0,0.0,0.0,0.0,0.0
2025-07-13,0.0,0.0,0.0,0.0,0.0,0.0,0.0,0.0,0.0,0.0,0.0,0.0,0.0,0.0,0.0,0.0,0.0,0.0,0.0,0.0
2025-07-14,12.38,12.38,12.38,12.38,12.38,12.38,9.07,12.38,12.38,4.37,-19.36,3.12,11.129999999999999,-19.98,1.5,9.73,-19.91,-2.9,5.33,-22.11
2025-07-15,0.0,0.0,0.0,0.0,0.0,0.0,0.0,0.0,0.0,0.0,0.0,0.0,0.0,0.0,0.0,0.0,0.0,0.0,0.0,0.0
2025-07-16,8.37,8.37,8.37,8.37,8.37,8.37,8.37,8.37,8.37,8.37,8.37,7.75,7.75,7.75,6.28,6.28,6.28,4.08,4.08,4.08
2025-07-17,3.97,3.97,3.97,3.97,3.97,3.97,3.97,3.97,3.97,3.97,10.65,3.34,3.34,10.03,1.87,1.87,8.56,6.35,6.35,6.35
2025-07-18,3.27,3.27,3.27,3.27,3.27,0.0,3.2,3.27,3.27,2.42,6.02,2.64,2.64,5.4,1.18,1.18,4.88,-1.03,-1.03,4.3
2025-07-19,0.0,0.0,0.0,0.0,0.0,0.0,0.0,0.0,0.0,0.0,0.0,0.0,0.0,0.0,0.0,0.0,0.0,0.0,0.0,0.0
2025-07-20,0.0,0.0,0.0,0.0,0.0,0.0,0.0,0.0,0.0,0.0,0.0,0.0,0.0,0.0,0.0,0.0,0.0,0.0,0.0,0.0
2025-07-21,12.350000000000001,12.350000000000001,12.350000000000001,12.350000000000001,12.350000000000001,12.350000000000001,12.350000000000001,12.350000000000001,12.350000000000001,4.41,15.100000000000001,3.16,11.09,13.85,0.21999999999999997,12.639999999999999,12.639999999999999,4.11,8.22,8.22
2025-07-22,-9.59,-9.59,-9.59,-9.150000000000002,-10.25,-9.59,-13.04,-9.59,-9.59,-9.59,-7.129999999999999,-10.829999999999998,-10.829999999999998,-8.369999999999997,-13.769999999999998,-13.769999999999998,-8.04,-17.919999999999998,-17.919999999999998,-9.219999999999999
2025-07-23,4.04,4.04,4.04,4.04,4.04,4.04,4.04,4.04,4.04,4.04,6.17,5.55,5.55,5.55,4.08,4.08,4.08,7.42,7.42,7.42
2025-07-24,0.0,0.0,0.0,0.0,0.0,0.0,-14.58,0.0,0.0,0.0,0.0,0.0,0.0,0.0,0.0,0.0,0.0,0.0,0.0,0.0
2025-07-25,-14.29,-14.29,-14.29,-13.96,-14.8,-14.29,-14.29,-14.29,-14.29,2.68,-14.29,2.06,-14.29,-14.29,0.59,-14.29,-14.29,-1.62,-14.29,-14.29
2025-07-26,0.0,0.0,0.0,0.0,0.0,0.0,0.0,0.0,0.0,0.0,0.0,0.0,0.0,0.0,0.0,0.0,0.0,0.0,0.0,0.0
2025-07-27,0.0,0.0,0.0,0.0,0.0,0.0,0.0,0.0,0.0,0.0,0.0,0.0,0.0,0.0,0.0,0.0,0.0,0.0,0.0,0.0
2025-07-28,0.0,0.0,0.0,0.0,0.0,0.0,0.0,0.0,0.0,0.0,0.0,0.0,0.0,0.0,0.0,0.0,0.0,0.0,0.0,0.0
2025-07-29,0.0,0.0,0.0,0.0,0.0,0.0,0.0,0.0,0.0,0.0,0.0,0.0,0.0,0.0,0.0,0.0,0.0,0.0,0.0,0.0
2025-07-30,0.0,0.0,0.0,0.0,0.0,0.0,0.0,0.0,0.0,0.0,0.0,0.0,0.0,0.0,0.0,0.0,0.0,0.0,0.0,0.0
2025-07-31,0.0,0.0,0.0,0.0,0.0,0.0,0.0,0.0,0.0,0.0,0.0,0.0,0.0,0.0,0.0,0.0,0.0,0.0,0.0,0.0
2025-08-01,6.46,4.85,7.31,4.92,7.31,6.46,6.46,6.46,6.46,2.24,6.46,1.62,6.46,6.46,0.15,6.46,6.46,6.46,6.46,6.46
2025-08-02,0.0,0.0,0.0,0.0,0.0,0.0,0.0,0.0,0.0,0.0,0.0,0.0,0.0,0.0,0.0,0.0,0.0,0.0,0.0,0.0
2025-08-03,8.67,8.67,8.67,8.67,8.67,8.67,8.67,8.67,8.67,8.67,8.67,8.04,8.04,8.04,8.01,8.01,8.01,5.8,5.8,5.8
2025-08-04,7.38,7.38,7.38,7.38,7.38,7.38,0.0,7.38,7.38,2.79,7.38,2.17,12.67,12.67,0.7,11.2,11.2,-1.51,9.0,9.0
2025-08-05,4.04,4.04,4.04,4.04,4.04,4.04,4.04,4.04,4.04,4.04,6.17,3.42,3.42,5.55,1.95,1.95,4.08,1.87,1.87,1.87
2025-08-06,0.0,0.0,0.0,0.0,0.0,0.0,0.0,0.0,0.0,0.0,0.0,0.0,0.0,0.0,0.0,0.0,0.0,0.0,0.0,0.0
2025-08-07,0.0,0.0,0.0,0.0,0.0,0.0,0.0,0.0,0.0,0.0,0.0,0.0,0.0,0.0,0.0,0.0,0.0,0.0,0.0,0.0
2025-08-08,0.0,0.0,0.0,0.0,0.0,0.0,0.0,0.0,0.0,0.0,0.0,0.0,0.0,0.0,0.0,0.0,0.0,0.0,0.0,0.0
2025-08-09,0.0,0.0,0.0,0.0,0.0,0.0,0.0,0.0,0.0,0.0,0.0,0.0,0.0,0.0,0.0,0.0,0.0,0.0,0.0,0.0
2025-08-10,0.0,0.0,0.0,0.0,0.0,0.0,0.0,0.0,0.0,0.0,0.0,0.0,0.0,0.0,0.0,0.0,0.0,0.0,0.0,0.0
2025-08-11,13.81,13.81,13.81,13.81,13.81,13.81,7.2,13.81,13.81,8.19,-10.809999999999999,7.6,11.940000000000001,-12.049999999999999,3.63,7.529999999999999,-14.990000000000002,-2.97,0.9199999999999999,-19.400000000000002
2025-08-12,0.0,0.0,0.0,0.0,0.0,0.0,4.44,0.0,0.0,0.0,0.0,0.0,0.0,0.0,0.0,0.0,0.0,0.0,0.0,0.0
2025-08-13,9.510000000000002,9.510000000000002,9.510000000000002,9.510000000000002,9.510000000000002,9.510000000000002,9.510000000000002,9.510000000000002,9.510000000000002,7.3500000000000005,13.59,7.050000000000001,9.22,13.3,4.109999999999999,6.279999999999999,12.85,0.43999999999999995,1.8800000000000001,8.45
2025-08-14,0.0,0.0,0.0,0.0,0.0,0.0,0.0,5.55,0.0,0.0,0.0,0.0,0.0,0.0,0.0,0.0,0.0,0.0,0.0,0.0
2025-08-15,0.0,0.0,0.0,0.0,0.0,0.0,0.0,0.0,0.0,0.0,0.0,0.0,0.0,0.0,0.0,0.0,0.0,0.0,0.0,0.0
2025-08-16,0.0,0.0,0.0,0.0,0.0,0.0,0.0,0.0,0.0,0.0,0.0,0.0,0.0,0.0,0.0,0.0,0.0,0.0,0.0,0.0
2025-08-17,0.0,0.0,0.0,0.0,0.0,0.0,0.0,0.0,0.0,0.0,0.0,0.0,0.0,0.0,0.0,0.0,0.0,0.0,0.0,0.0
2025-08-18,0.0,0.0,0.0,0.0,0.0,0.0,0.0,0.0,0.0,0.0,0.0,0.0,0.0,0.0,0.0,0.0,0.0,0.0,0.0,0.0
2025-08-19,3.67,3.67,3.67,3.67,3.67,3.67,3.67,8.55,3.67,3.67,5.4,3.05,3.05,4.77,1.58,1.58,3.31,-0.62,-0.62,8.7
2025-08-20,0.0,0.0,0.0,0.0,0.0,0.0,0.0,0.0,0.0,0.0,0.0,0.0,0.0,0.0,0.0,0.0,0.0,0.0,0.0,0.0
2025-08-21,-36.25,-36.25,-36.25,-35.89,-36.8,-36.25,-36.25,-36.25,-36.25,-36.25,-36.25,-36.25,-36.25,-36.25,-36.25,-36.25,-36.25,-36.25,-36.25,-36.25
2025-08-22,8.040000000000001,8.040000000000001,8.040000000000001,8.040000000000001,8.040000000000001,8.040000000000001,8.040000000000001,8.040000000000001,8.040000000000001,5.25,-8.780000000000001,4.0,6.79,-7.61,1.8,3.8600000000000003,-9.08,4.55,6.79,-8.82
2025-08-23,0.0,0.0,0.0,0.0,0.0,0.0,0.0,0.0,0.0,0.0,0.0,0.0,0.0,0.0,0.0,0.0,0.0,0.0,0.0,0.0
2025-08-24,0.0,0.0,0.0,0.0,0.0,0.0,0.0,0.0,0.0,0.0,0.0,0.0,0.0,0.0,0.0,0.0,0.0,0.0,0.0,0.0
2025-08-25,-31.04,-31.04,-31.04,-30.67,-31.66,-31.04,-31.04,-31.04,-31.04,-31.04,-31.04,-31.04,-31.04,-31.04,-31.04,-31.04,-31.04,-31.04,-31.04,-31.04
2025-08-26,0.0,0.0,0.0,0.0,0.0,0.0,0.0,0.0,0.0,0.0,0.0,0.0,0.0,0.0,0.0,0.0,0.0,0.0,0.0,0.0
2025-08-27,3.42,3.42,3.42,3.42,3.42,3.42,3.42,3.42,3.42,3.42,5.58,2.79,2.79,4.96,3.89,3.89,3.89,4.15,4.15,4.15
2025-08-28,0.0,0.0,0.0,0.0,0.0,0.0,0.0,0.0,0.0,0.0,0.0,0.0,0.0,0.0,0.0,0.0,0.0,0.0,0.0,0.0
2025-08-29,0.0,0.0,0.0,0.0,0.0,0.0,0.0,0.0,0.0,0.0,0.0,0.0,0.0,0.0,0.0,0.0,0.0,0.0,0.0,0.0
2025-08-30,0.0,0.0,0.0,0.0,0.0,0.0,0.0,0.0,0.0,0.0,0.0,0.0,0.0,0.0,0.0,0.0,0.0,0.0,0.0,0.0
2025-08-31,0.0,0.0,0.0,0.0,0.0,0.0,0.0,0.0,0.0,0.0,0.0,0.0,0.0,0.0,0.0,0.0,0.0,0.0,0.0,0.0
2025-09-01,0.0,0.0,0.0,0.0,0.0,0.0,0.0,0.0,0.0,0.0,0.0,0.0,0.0,0.0,0.0,0.0,0.0,0.0,0.0,0.0
2025-09-02,0.0,0.0,0.0,0.0,0.0,0.0,0.0,0.0,0.0,0.0,0.0,0.0,0.0,0.0,0.0,0.0,0.0,0.0,0.0,0.0
2025-09-03,0.0,0.0,0.0,0.0,0.0,0.0,0.0,0.0,0.0,0.0,0.0,0.0,0.0,0.0,0.0,0.0,0.0,0.0,0.0,0.0
2025-09-04,8.78,8.78,8.78,8.78,8.78,8.78,4.92,8.78,8.78,4.48,12.09,3.23,7.529999999999999,10.83,2.75,8.56,9.77,7.71,7.71,7.71
2025-09-05,0.0,0.0,0.0,0.0,0.0,0.0,0.0,0.0,0.0,0.0,0.0,0.0,0.0,0.0,0.0,0.0,0.0,0.0,0.0,0.0
2025-09-06,0.0,0.0,0.0,0.0,0.0,0.0,0.0,0.0,0.0,0.0,0.0,0.0,0.0,0.0,0.0,0.0,0.0,0.0,0.0,0.0
2025-09-07,0.0,0.0,0.0,0.0,0.0,0.0,0.0,0.0,0.0,0.0,0.0,0.0,0.0,0.0,0.0,0.0,0.0,0.0,0.0,0.0
2025-09-08,0.0,0.0,0.0,0.0,0.0,0.0,0.0,0.0,0.0,0.0,0.0,0.0,0.0,0.0,0.0,0.0,0.0,0.0,0.0,0.0
2025-09-09,8.37,8.37,8.37,8.37,8.37,8.37,8.37,8.37,8.37,2.64,8.37,2.02,7.75,7.75,0.55,6.28,6.28,4.08,4.08,4.08
2025-09-10,0.0,0.0,0.0,0.0,0.0,0.0,0.0,0.0,0.0,0.0,0.0,0.0,0.0,0.0,0.0,0.0,0.0,0.0,0.0,0.0
2025-09-11,0.0,0.0,0.0,0.0,0.0,0.0,0.0,0.0,0.0,0.0,0.0,0.0,0.0,0.0,0.0,0.0,0.0,0.0,0.0,0.0
2025-09-12,0.0,0.0,0.0,0.0,0.0,0.0,0.0,0.0,0.0,0.0,0.0,0.0,0.0,0.0,0.0,0.0,0.0,0.0,0.0,0.0
2025-09-13,0.0,0.0,0.0,0.0,0.0,0.0,0.0,0.0,0.0,0.0,0.0,0.0,0.0,0.0,0.0,0.0,0.0,0.0,0.0,0.0
2025-09-14,0.0,0.0,0.0,0.0,0.0,0.0,0.0,0.0,0.0,0.0,0.0,0.0,0.0,0.0,0.0,0.0,0.0,0.0,0.0,0.0
2025-09-15,10.91,10.91,10.91,10.91,10.91,10.91,10.91,10.91,10.91,2.42,10.91,1.8,10.28,10.28,0.33,9.51,9.51,-1.87,7.31,7.31
2025-09-16,-31.15,-31.15,-31.15,-30.53,-32.11,-31.15,-31.15,-31.15,-31.15,-33.089999999999996,-29.349999999999998,-33.46,-29.97,-29.97,-34.93,-27.729999999999997,-27.729999999999997,-29.93,-29.93,-29.93
2025-09-17,-6.979999999999999,-6.979999999999999,-6.979999999999999,-6.609999999999999,-7.49,-6.979999999999999,-6.979999999999999,-6.979999999999999,-6.979999999999999,-8.2,-36.15,-8.82,-7.609999999999999,-36.15,-10.29,-9.079999999999998,-36.15,-11.28,-11.28,-36.15
2025-09-18,0.0,0.0,0.0,0.0,0.0,0.0,0.0,0.0,0.0,0.0,0.0,0.0,0.0,0.0,0.0,0.0,0.0,0.0,0.0,0.0
2025-09-19,0.0,0.0,0.0,0.0,0.0,0.0,0.0,0.0,0.0,0.0,0.0,0.0,0.0,0.0,0.0,0.0,0.0,0.0,0.0,0.0
2025-09-20,0.0,0.0,0.0,0.0,0.0,0.0,0.0,0.0,0.0,0.0,0.0,0.0,0.0,0.0,0.0,0.0,0.0,0.0,0.0,0.0
2025-09-21,0.0,0.0,0.0,0.0,0.0,0.0,0.0,0.0,0.0,0.0,0.0,0.0,0.0,0.0,0.0,0.0,0.0,0.0,0.0,0.0
2025-09-22,0.0,0.0,0.0,0.0,0.0,0.0,0.0,0.0,0.0,0.0,0.0,0.0,0.0,0.0,0.0,0.0,0.0,0.0,0.0,0.0
2025-09-23,8.7,8.7,8.7,8.7,8.7,8.7,8.7,8.7,8.7,6.02,11.57,4.779999999999999,7.459999999999999,10.32,1.8399999999999999,4.52,7.38,0.10999999999999988,0.10999999999999988,2.98
2025-09-24,-12.93,-12.93,-12.93,-12.93,-12.93,-12.93,-12.93,-12.93,-12.93,2.2,-12.93,1.58,-12.93,-12.93,0.11,-12.93,-12.93,-1.87,-12.93,-12.93
2025-09-25,0.0,0.0,0.0,0.0,0.0,0.0,0.0,0.0,0.0,0.0,0.0,0.0,0.0,0.0,0.0,0.0,0.0,0.0,0.0,0.0
2025-09-26,0.0,0.0,0.0,0.0,0.0,0.0,0.0,0.0,0.0,0.0,0.0,0.0,0.0,0.0,0.0,0.0,0.0,0.0,0.0,0.0
2025-09-27,0.0,0.0,0.0,0.0,0.0,0.0,0.0,0.0,0.0,0.0,0.0,0.0,0.0,0.0,0.0,0.0,0.0,0.0,0.0,0.0
2025-09-28,0.0,0.0,0.0,0.0,0.0,0.0,0.0,0.0,0.0,0.0,0.0,0.0,0.0,0.0,0.0,0.0,0.0,0.0,0.0,0.0
2025-09-29,0.0,0.0,0.0,0.0,0.0,0.0,0.0,0.0,0.0,0.0,0.0,0.0,0.0,0.0,0.0,0.0,0.0,0.0,0.0,0.0
2025-09-30,15.39,15.39,15.39,15.39,15.39,15.39,15.39,15.39,15.39,7.6,24.61,6.359999999999999,14.14,23.36,12.64,20.42,20.42,8.22,16.009999999999998,16.009999999999998
2025-10-01,0.0,0.0,0.0,0.0,0.0,0.0,3.38,0.0,0.0,0.0,0.0,0.0,0.0,0.0,0.0,0.0,0.0,0.0,0.0,0.0
2025-10-02,0.0,0.0,0.0,0.0,0.0,0.0,0.0,0.0,0.0,0.0,0.0,0.0,0.0,0.0,0.0,0.0,0.0,0.0,0.0,0.0
2025-10-03,7.5600000000000005,7.5600000000000005,7.5600000000000005,7.5600000000000005,7.5600000000000005,7.5600000000000005,3.23,7.5600000000000005,7.5600000000000005,5.6899999999999995,16.45,4.45,6.32,15.21,7.31,7.31,13.370000000000001,11.27,11.27,11.27
2025-10-04,0.0,0.0,0.0,0.0,0.0,0.0,0.0,0.0,0.0,0.0,0.0,0.0,0.0,0.0,0.0,0.0,0.0,0.0,0.0,0.0
2025-10-05,0.0,0.0,0.0,0.0,0.0,0.0,0.0,0.0,0.0,0.0,0.0,0.0,0.0,0.0,0.0,0.0,0.0,0.0,0.0,0.0
2025-10-06,0.0,0.0,0.0,0.0,0.0,0.0,0.0,0.0,0.0,0.0,0.0,0.0,0.0,0.0,0.0,0.0,0.0,0.0,0.0,0.0
2025-10-07,12.850000000000001,12.850000000000001,12.850000000000001,12.850000000000001,12.850000000000001,12.850000000000001,12.850000000000001,12.850000000000001,12.850000000000001,8.3,12.850000000000001,7.05,11.61,11.61,4.109999999999999,8.67,8.67,4.26,4.26,4.26
2025-10-08,0.0,0.0,0.0,0.0,0.0,0.0,0.0,0.0,0.0,0.0,0.0,0.0,0.0,0.0,0.0,0.0,0.0,0.0,0.0,0.0
2025-10-09,11.57,11.57,11.57,11.57,11.57,11.57,11.57,11.57,11.57,5.58,15.65,4.78,10.76,14.39,1.99,7.83,11.46,5.07,10.91,10.91
2025-10-10,0.0,0.0,0.0,0.0,0.0,0.0,0.0,0.0,0.0,0.0,0.0,0.0,0.0,0.0,0.0,0.0,0.0,0.0,0.0,0.0
2025-10-11,0.0,0.0,0.0,0.0,0.0,0.0,0.0,0.0,0.0,0.0,0.0,0.0,0.0,0.0,0.0,0.0,0.0,0.0,0.0,0.0
2025-10-12,0.0,0.0,0.0,0.0,0.0,0.0,0.0,0.0,0.0,0.0,0.0,0.0,0.0,0.0,0.0,0.0,0.0,0.0,0.0,0.0
2025-10-13,0.0,0.0,0.0,0.0,0.0,0.0,0.0,0.0,0.0,0.0,0.0,0.0,0.0,0.0,0.0,0.0,0.0,0.0,0.0,0.0
2025-10-14,12.82,12.82,12.82,12.82,12.82,12.82,12.82,12.82,12.82,12.82,12.82,12.19,12.19,12.19,42.09,42.09,42.09,39.89,39.89,39.89
2025-10-15,0.0,0.0,0.0,0.0,0.0,0.0,0.0,0.0,0.0,0.0,0.0,0.0,0.0,0.0,0.0,0.0,0.0,0.0,0.0,0.0
2025-10-16,8.08,8.08,8.08,8.08,8.08,8.08,8.08,8.08,8.08,3.2,8.08,2.57,7.46,7.46,1.1,5.99,5.99,-1.1,3.78,3.78
2025-10-17,-166.14,-166.14,-166.14,-163.2,-170.55,-166.14,-166.14,-166.14,-166.14,1.62,-166.14,0.99,-166.14,-166.14,-0.48,-166.14,-166.14,-2.68,-166.14,-166.14
2025-10-18,0.0,0.0,0.0,0.0,0.0,0.0,0.0,0.0,0.0,0.0,0.0,0.0,0.0,0.0,0.0,0.0,0.0,0.0,0.0,0.0
2025-10-19,0.0,0.0,0.0,0.0,0.0,0.0,0.0,0.0,0.0,0.0,0.0,0.0,0.0,0.0,0.0,0.0,0.0,0.0,0.0,0.0
2025-10-20,0.0,0.0,0.0,0.0,0.0,0.0,0.0,0.0,0.0,0.0,0.0,0.0,0.0,0.0,0.0,0.0,0.0,0.0,0.0,0.0
2025-10-21,18.73,18.73,18.73,18.73,18.73,18.73,25.78,18.73,18.73,4.96,18.73,3.71,17.48,17.48,0.77,14.549999999999999,14.549999999999999,-3.64,25.23,25.23
2025-10-22,48.879999999999995,48.879999999999995,48.879999999999995,48.879999999999995,48.879999999999995,48.879999999999995,39.96,48.879999999999995,48.879999999999995,48.879999999999995,52.0,46.39,46.39,49.51,40.510000000000005,40.510000000000005,47.63,31.7,31.7,38.83
2025-10-23,0.0,0.0,0.0,0.0,0.0,0.0,0.0,0.0,0.0,0.0,0.0,0.0,0.0,0.0,0.0,0.0,0.0,0.0,0.0,0.0
2025-10-24,0.0,0.0,0.0,0.0,0.0,0.0,0.0,0.0,0.0,0.0,0.0,0.0,0.0,0.0,0.0,0.0,0.0,0.0,0.0,0.0
2025-10-25,0.0,0.0,0.0,0.0,0.0,0.0,0.0,0.0,0.0,0.0,0.0,0.0,0.0,0.0,0.0,0.0,0.0,0.0,0.0,0.0
2025-10-26,0.0,0.0,0.0,0.0,0.0,0.0,0.0,0.0,0.0,0.0,0.0,0.0,0.0,0.0,0.0,0.0,0.0,0.0,0.0,0.0
2025-10-27,0.0,0.0,0.0,0.0,0.0,0.0,0.0,0.0,0.0,0.0,0.0,0.0,0.0,0.0,0.0,0.0,0.0,0.0,0.0,0.0
2025-10-28,37.54,37.54,37.54,37.54,37.54,37.54,31.66,37.54,37.54,26.75,37.54,26.95,37.75,37.75,21.07,31.87,31.87,12.269999999999998,29.43,29.43
2025-10-29,4.08,4.08,4.08,4.08,4.08,4.08,4.08,4.08,4.08,4.08,14.73,3.45,3.45,14.1,1.98,1.98,12.64,-0.22,-0.22,10.43
2025-10-30,0.0,0.0,0.0,0.0,0.0,0.0,0.0,0.0,0.0,0.0,0.0,0.0,0.0,0.0,0.0,0.0,0.0,0.0,0.0,0.0
2025-10-31,0.0,0.0,0.0,0.0,0.0,0.0,5.25,0.0,0.0,0.0,0.0,0.0,0.0,0.0,0.0,0.0,0.0,0.0,0.0,0.0
2025-11-01,0.0,0.0,0.0,0.0,0.0,0.0,0.0,0.0,0.0,0.0,0.0,0.0,0.0,0.0,0.0,0.0,0.0,0.0,0.0,0.0
2025-11-02,0.0,0.0,0.0,0.0,0.0,0.0,0.0,0.0,0.0,0.0,0.0,0.0,0.0,0.0,0.0,0.0,0.0,0.0,0.0,0.0
2025-11-03,0.0,0.0,0.0,0.0,0.0,0.0,0.0,0.0,0.0,0.0,0.0,0.0,0.0,0.0,0.0,0.0,0.0,0.0,0.0,0.0
2025-11-04,0.0,0.0,0.0,0.0,0.0,0.0,0.0,0.0,0.0,0.0,0.0,0.0,0.0,0.0,0.0,0.0,0.0,0.0,0.0,0.0
2025-11-05,5.58,5.58,5.58,5.58,5.58,5.58,5.58,5.58,5.58,5.58,5.58,4.96,4.96,4.96,3.49,3.49,3.49,5.18,5.18,5.18
2025-11-06,-23.36,-23.36,-23.36,-22.81,-24.17,-23.36,-23.36,-23.36,-23.36,-23.36,-23.36,-23.36,-23.36,-23.36,-23.36,-23.36,-23.36,-23.36,-23.36,-23.36
2025-11-07,0.0,0.0,0.0,0.0,0.0,0.0,0.0,0.0,0.0,0.0,0.0,0.0,0.0,0.0,0.0,0.0,0.0,0.0,0.0,0.0
2025-11-08,0.0,0.0,0.0,0.0,0.0,0.0,0.0,0.0,0.0,0.0,0.0,0.0,0.0,0.0,0.0,0.0,0.0,0.0,0.0,0.0
2025-11-09,0.0,0.0,0.0,0.0,0.0,0.0,0.0,0.0,0.0,0.0,0.0,0.0,0.0,0.0,0.0,0.0,0.0,0.0,0.0,0.0
2025-11-10,13.04,13.04,13.04,13.04,13.04,13.04,13.04,13.04,13.04,5.55,15.129999999999999,4.29,11.790000000000001,13.88,1.35,11.02,13.11,4.8500000000000005,8.71,8.71
2025-11-11,10.77,10.77,10.77,10.77,10.77,10.77,8.93,10.77,10.77,8.41,12.05,7.16,9.51,10.8,4.22,6.57,7.859999999999999,0.0,3.63,3.63
2025-11-12,0.0,0.0,0.0,0.0,0.0,0.0,0.0,0.0,0.0,0.0,0.0,0.0,0.0,0.0,0.0,0.0,0.0,0.0,0.0,0.0
2025-11-13,0.0,0.0,0.0,0.0,0.0,0.0,0.0,0.0,0.0,0.0,0.0,0.0,0.0,0.0,0.0,0.0,0.0,0.0,0.0,0.0
2025-11-14,13.7,13.7,13.7,13.7,13.7,13.7,13.7,13.7,13.7,13.7,13.7,12.46,12.46,12.46,16.9,16.9,16.9,29.599999999999998,29.599999999999998,29.599999999999998
2025-11-15,0.0,0.0,0.0,0.0,0.0,0.0,0.0,0.0,0.0,0.0,0.0,0.0,0.0,0.0,0.0,0.0,0.0,0.0,0.0,0.0
2025-11-16,0.0,0.0,0.0,0.0,0.0,0.0,0.0,0.0,0.0,0.0,0.0,0.0,0.0,0.0,0.0,0.0,0.0,0.0,0.0,0.0
2025-11-17,0.0,0.0,0.0,0.0,0.0,0.0,0.0,0.0,0.0,0.0,0.0,0.0,0.0,0.0,0.0,0.0,0.0,0.0,0.0,0.0
2025-11-18,0.0,0.0,0.0,0.0,0.0,0.0,0.0,0.0,0.0,0.0,0.0,0.0,0.0,0.0,0.0,0.0,0.0,0.0,0.0,0.0
2025-11-19,5.1,5.1,5.1,5.1,5.1,5.1,5.1,5.1,5.1,5.1,6.35,4.48,4.48,5.73,3.01,3.01,4.26,0.81,0.81,2.06
2025-11-20,22.59,22.59,22.59,22.59,22.59,22.59,13.26,22.59,-49.7,15.35,22.59,14.100000000000001,21.33,21.33,11.16,18.39,18.39,17.23,24.46,24.46
2025-11-21,8.19,8.19,8.19,8.19,8.19,8.19,8.19,8.19,8.19,8.19,8.19,7.57,7.57,7.57,6.1,6.1,6.1,3.89,3.89,3.89
2025-11-22,0.0,0.0,0.0,0.0,0.0,0.0,0.0,0.0,0.0,0.0,0.0,0.0,0.0,0.0,0.0,0.0,0.0,0.0,0.0,0.0
2025-11-23,8.96,8.96,8.96,8.96,8.96,8.96,8.96,8.96,8.96,2.13,8.96,1.51,8.34,8.34,0.04,6.87,6.87,-2.17,4.66,4.66
2025-11-24,0.0,0.0,0.0,0.0,0.0,0.0,0.0,0.0,0.0,0.0,0.0,0.0,0.0,0.0,0.0,0.0,0.0,0.0,0.0,0.0
2025-11-25,3.49,3.49,3.49,3.49,3.49,3.49,3.49,3.49,3.49,2.24,7.24,1.62,2.86,6.61,0.15,1.4,5.14,-2.06,6.39,6.39
2025-11-26,0.0,0.0,0.0,0.0,0.0,0.0,0.0,0.0,0.0,0.0,0.0,0.0,0.0,0.0,0.0,0.0,0.0,0.0,0.0,0.0
2025-11-27,0.0,0.0,0.0,0.0,0.0,0.0,0.0,0.0,0.0,0.0,0.0,0.0,0.0,0.0,0.0,0.0,0.0,0.0,0.0,0.0
2025-11-28,0.0,0.0,0.0,0.0,0.0,0.0,0.0,0.0,0.0,0.0,0.0,0.0,0.0,0.0,0.0,0.0,0.0,0.0,0.0,0.0
2025-11-29,0.0,0.0,0.0,0.0,0.0,0.0,0.0,0.0,0.0,0.0,0.0,0.0,0.0,0.0,0.0,0.0,0.0,0.0,0.0,0.0
2025-11-30,0.0,0.0,0.0,0.0,0.0,0.0,0.0,0.0,0.0,0.0,0.0,0.0,0.0,0.0,0.0,0.0,0.0,0.0,0.0,0.0
2025-12-01,0.0,0.0,0.0,0.0,0.0,0.0,0.0,0.0,0.0,0.0,0.0,0.0,0.0,0.0,0.0,0.0,0.0,0.0,0.0,0.0
2025-12-02,0.0,0.0,0.0,0.0,0.0,0.0,0.0,0.0,0.0,0.0,0.0,0.0,0.0,0.0,0.0,0.0,0.0,0.0,0.0,0.0
2025-12-03,0.0,0.0,0.0,0.0,0.0,0.0,0.0,0.0,0.0,0.0,0.0,0.0,0.0,0.0,0.0,0.0,0.0,0.0,0.0,0.0
2025-12-04,9.620000000000001,9.620000000000001,9.620000000000001,9.620000000000001,9.620000000000001,9.620000000000001,9.620000000000001,9.620000000000001,9.620000000000001,4.41,12.6,3.16,8.37,11.35,3.05,5.4399999999999995,8.41,-1.3599999999999999,2.09,10.719999999999999
2025-12-05,0.0,0.0,0.0,0.0,0.0,0.0,0.0,0.0,0.0,0.0,0.0,0.0,0.0,0.0,0.0,0.0,0.0,0.0,0.0,0.0
2025-12-06,0.0,0.0,0.0,0.0,0.0,0.0,0.0,0.0,0.0,0.0,0.0,0.0,0.0,0.0,0.0,0.0,0.0,0.0,0.0,0.0
2025-12-07,0.0,0.0,0.0,0.0,0.0,0.0,0.0,0.0,0.0,0.0,0.0,0.0,0.0,0.0,0.0,0.0,0.0,0.0,0.0,0.0
2025-12-08,4.77,4.77,4.77,4.77,4.77,4.77,4.77,4.77,4.77,2.9,8.19,2.28,4.15,7.57,0.81,2.68,10.58,-1.4,0.48,8.48
2025-12-09,-44.59,-44.59,-44.59,-43.57,-46.17,-44.59,-44.59,-44.59,-44.59,-44.59,-44.59,-44.59,-44.59,-44.59,-44.59,-44.59,-44.59,-44.59,-44.59,-44.59
2025-12-10,0.0,0.0,0.0,0.0,0.0,0.0,0.0,0.0,0.0,0.0,0.0,0.0,0.0,0.0,0.0,0.0,0.0,0.0,0.0,0.0
2025-12-11,0.0,0.0,0.0,0.0,0.0,0.0,0.0,0.0,0.0,0.0,0.0,0.0,0.0,0.0,0.0,0.0,0.0,0.0,0.0,0.0
2025-12-12,25.82,25.82,25.82,25.82,25.82,25.82,25.82,25.82,25.82,25.82,25.82,25.2,25.2,25.2,23.73,23.73,23.73,21.52,21.52,21.52
2025-12-13,0.0,0.0,0.0,0.0,0.0,0.0,0.0,0.0,0.0,0.0,0.0,0.0,0.0,0.0,0.0,0.0,0.0,0.0,0.0,0.0
2025-12-14,0.0,0.0,0.0,0.0,0.0,0.0,0.0,0.0,0.0,0.0,0.0,0.0,0.0,0.0,0.0,0.0,0.0,0.0,0.0,0.0
2025-12-15,0.0,0.0,0.0,0.0,0.0,0.0,0.0,0.0,0.0,0.0,0.0,0.0,0.0,0.0,0.0,0.0,0.0,0.0,0.0,0.0
2025-12-16,5.44,5.44,5.44,5.44,5.44,5.44,5.44,5.44,5.44,5.44,5.44,4.81,4.81,4.81,3.34,3.34,3.34,1.14,1.14,1.14
2025-12-17,0.0,0.0,0.0,0.0,0.0,0.0,0.0,0.0,0.0,0.0,0.0,0.0,0.0,0.0,0.0,0.0,0.0,0.0,0.0,0.0
2025-12-18,0.0,0.0,0.0,0.0,0.0,0.0,0.0,0.0,0.0,0.0,0.0,0.0,0.0,0.0,0.0,0.0,0.0,0.0,0.0,0.0
2025-12-19,0.0,0.0,0.0,0.0,0.0,0.0,0.0,0.0,0.0,0.0,0.0,0.0,0.0,0.0,0.0,0.0,0.0,0.0,0.0,0.0
2025-12-20,0.0,0.0,0.0,0.0,0.0,0.0,0.0,0.0,0.0,0.0,0.0,0.0,0.0,0.0,0.0,0.0,0.0,0.0,0.0,0.0
2025-12-21,0.0,0.0,0.0,0.0,0.0,0.0,0.0,0.0,0.0,0.0,0.0,0.0,0.0,0.0,0.0,0.0,0.0,0.0,0.0,0.0
2025-12-22,0.0,0.0,0.0,0.0,0.0,0.0,0.0,0.0,0.0,0.0,0.0,0.0,0.0,0.0,0.0,0.0,0.0,0.0,0.0,0.0
2025-12-23,3.82,3.82,3.82,3.82,3.82,3.82,3.82,3.82,3.82,2.39,21.63,1.76,3.2,21.01,1.73,1.73,19.54,-0.48,-0.48,17.33
2025-12-24,0.0,0.0,0.0,0.0,0.0,0.0,0.0,0.0,0.0,0.0,0.0,0.0,0.0,0.0,0.0,0.0,0.0,0.0,0.0,0.0
2025-12-25,0.0,0.0,0.0,0.0,0.0,0.0,0.0,0.0,0.0,0.0,0.0,0.0,0.0,0.0,0.0,0.0,0.0,0.0,0.0,0.0
2025-12-26,0.0,0.0,0.0,0.0,0.0,0.0,0.0,0.0,0.0,0.0,0.0,0.0,0.0,0.0,0.0,0.0,0.0,0.0,0.0,0.0
2025-12-27,0.0,0.0,0.0,0.0,0.0,0.0,0.0,0.0,0.0,0.0,0.0,0.0,0.0,0.0,0.0,0.0,0.0,0.0,0.0,0.0
2025-12-28,0.0,0.0,0.0,0.0,0.0,0.0,0.0,0.0,0.0,0.0,0.0,0.0,0.0,0.0,0.0,0.0,0.0,0.0,0.0,0.0
2025-12-29,15.25,15.25,15.25,15.25,15.25,15.25,15.25,15.25,15.25,15.25,44.150000000000006,13.99,13.99,42.9,11.049999999999999,11.049999999999999,39.96,6.65,6.65,35.55
2025-12-30,3.67,3.67,3.67,3.67,3.67,3.67,5.22,3.67,3.67,3.67,6.68,3.05,3.05,6.06,1.58,1.58,4.59,-0.62,-0.62,3.27
2025-12-31,13.74,13.74,13.74,13.74,13.74,13.74,13.74,13.74,13.74,13.74,18.509999999999998,17.259999999999998,17.259999999999998,17.259999999999998,21.56,21.56,21.56,23.21,23.21,23.21
